-- phpMyAdmin SQL Dump
-- version 5.2.0
-- https://www.phpmyadmin.net/
--
-- Máy chủ: localhost:3306
-- Thời gian đã tạo: Th7 06, 2023 lúc 08:59 AM
-- Phiên bản máy phục vụ: 5.7.33
-- Phiên bản PHP: 8.1.9

SET SQL_MODE = "NO_AUTO_VALUE_ON_ZERO";
START TRANSACTION;
SET time_zone = "+00:00";


/*!40101 SET @OLD_CHARACTER_SET_CLIENT=@@CHARACTER_SET_CLIENT */;
/*!40101 SET @OLD_CHARACTER_SET_RESULTS=@@CHARACTER_SET_RESULTS */;
/*!40101 SET @OLD_COLLATION_CONNECTION=@@COLLATION_CONNECTION */;
/*!40101 SET NAMES utf8mb4 */;

--
-- Cơ sở dữ liệu: `db_test`
--

-- --------------------------------------------------------

--
-- Cấu trúc bảng cho bảng `courses`
--

CREATE TABLE `courses` (
  `id` bigint(20) UNSIGNED NOT NULL,
  `name` varchar(255) COLLATE utf8mb4_unicode_ci NOT NULL,
  `description` varchar(255) COLLATE utf8mb4_unicode_ci NOT NULL,
  `start_time` date NOT NULL,
  `end_time` date NOT NULL,
  `created_at` timestamp NULL DEFAULT CURRENT_TIMESTAMP,
  `updated_at` timestamp NULL DEFAULT CURRENT_TIMESTAMP
) ENGINE=InnoDB DEFAULT CHARSET=utf8mb4 COLLATE=utf8mb4_unicode_ci;

--
-- Đang đổ dữ liệu cho bảng `courses`
--

INSERT INTO `courses` (`id`, `name`, `description`, `start_time`, `end_time`, `created_at`, `updated_at`) VALUES
(1, 'Prof. Nora Balistreri', 'Gryphon went on, \'I must be what he did with the bread-and-butter getting so far off). \'Oh, my poor hands, how is it directed to?\' said one of the court, arm-in-arm with the lobsters, out to her.', '2023-07-03', '2023-10-13', '2023-06-27 02:06:57', '2023-07-02 18:05:33'),
(2, 'Ms. Sincere Lueilwitz', 'Pigeon, raising its voice to its feet, \'I move that the meeting adjourn, for the moment how large she had drunk half the bottle, she found that her flamingo was gone in a great letter, nearly as.', '2023-07-12', '2023-10-18', '2023-06-27 02:06:57', '2023-06-27 02:06:57'),
(3, 'Chadrick Cummings', 'SOUP!\' \'Chorus again!\' cried the Gryphon, \'she wants for to know your history, she do.\' \'I\'ll tell it her,\' said the Hatter. \'You MUST remember,\' remarked the King, with an M?\' said Alice. \'Well.', '2023-07-15', '2023-10-04', '2023-06-27 02:06:57', '2023-06-27 02:06:57'),
(4, 'Mireille Kohler', 'WHAT are you?\' said the King. \'Nearly two miles high,\' added the Gryphon, and all would change to tinkling sheep-bells, and the sound of many footsteps, and Alice was silent. The King turned pale.', '2023-06-30', '2023-10-24', '2023-06-27 02:06:57', '2023-06-27 02:06:57'),
(5, 'Brennon Boyer II', 'Alice thought she might as well as she listened, or seemed to have any pepper in my time, but never ONE with such a hurry to change them--\' when she had but to get in?\' asked Alice again, in a thick.', '2023-07-06', '2023-10-26', '2023-06-27 02:06:57', '2023-06-27 02:06:57'),
(6, 'Lisa Kemmer', 'Alice replied: \'what\'s the answer?\' \'I haven\'t the slightest idea,\' said the Hatter: \'as the things being alive; for instance, there\'s the arch I\'ve got back to the conclusion that it had lost.', '2023-07-20', '2023-10-03', '2023-06-27 02:06:57', '2023-06-27 02:06:57'),
(7, 'Gavin Romaguera I', 'I am, sir,\' said Alice; \'that\'s not at all this grand procession, came THE KING AND QUEEN OF HEARTS. Alice was very hot, she kept fanning herself all the jelly-fish out of its mouth, and addressed.', '2023-07-26', '2023-10-14', '2023-06-27 02:06:57', '2023-06-27 02:06:57'),
(8, 'Prof. Earlene Douglas DDS', 'King said, turning to Alice. \'Only a thimble,\' said Alice indignantly. \'Let me alone!\' \'Serpent, I say again!\' repeated the Pigeon, raising its voice to a farmer, you know, and he wasn\'t going to.', '2023-07-03', '2023-10-01', '2023-06-27 02:06:57', '2023-06-27 02:06:57'),
(9, 'Prof. Asha Watsica', 'Alice. \'Come on, then!\' roared the Queen, \'Really, my dear, I think?\' he said do. Alice looked at Alice, and sighing. \'It IS a Caucus-race?\' said Alice; not that she never knew so much frightened to.', '2023-07-12', '2023-10-18', '2023-06-27 02:06:57', '2023-06-27 02:06:57'),
(10, 'Abdullah Reichert', 'She soon got it out loud. \'Thinking again?\' the Duchess sneezed occasionally; and as for the moment she appeared; but she stopped hastily, for the end of the party went back to the executioner.', '2023-07-03', '2023-10-20', '2023-06-27 02:06:57', '2023-06-27 02:06:57'),
(11, 'Sabina Jacobi', 'Mock Turtle in a very difficult question. However, at last the Dodo could not think of anything else. CHAPTER V. Advice from a Caterpillar The Caterpillar and Alice called out in a tone of delight.', '2023-07-18', '2023-10-14', '2023-06-27 02:06:57', '2023-06-27 02:06:57'),
(12, 'Dr. Dexter Zemlak', 'Duchess sneezed occasionally; and as it was good practice to say it over) \'--yes, that\'s about the games now.\' CHAPTER X. The Lobster Quadrille is!\' \'No, indeed,\' said Alice. \'Did you speak?\' \'Not.', '2023-07-26', '2023-09-28', '2023-06-27 02:06:57', '2023-06-27 02:06:57'),
(13, 'Sydney Altenwerth', 'English. \'I don\'t think it\'s at all fairly,\' Alice began, in a whisper, half afraid that it was very nearly carried it out loud. \'Thinking again?\' the Duchess began in a dreamy sort of way, \'Do cats.', '2023-07-18', '2023-10-08', '2023-06-27 02:06:57', '2023-06-27 02:06:57'),
(14, 'Jeanette Rath MD', 'Alice, so please your Majesty,\' said Alice sharply, for she was out of a sea of green leaves that had made out the Fish-Footman was gone, and, by the carrier,\' she thought; \'and how funny it\'ll seem.', '2023-07-18', '2023-10-17', '2023-06-27 02:06:57', '2023-06-27 02:06:57'),
(15, 'Mr. Garry Haley Sr.', 'Caterpillar. Alice said with a teacup in one hand and a piece of rudeness was more than three.\' \'Your hair wants cutting,\' said the last few minutes to see the earth takes twenty-four hours to turn.', '2023-07-23', '2023-10-23', '2023-06-27 02:06:57', '2023-06-27 02:06:57'),
(16, 'Mrs. Linnie Adams', 'Mock Turtle, suddenly dropping his voice; and the constant heavy sobbing of the Lobster Quadrille?\' the Gryphon went on all the children she knew that it led into a graceful zigzag, and was.', '2023-07-06', '2023-10-10', '2023-06-27 02:06:57', '2023-06-27 02:06:57'),
(17, 'Samara Bashirian', 'Hatter said, turning to Alice a good opportunity for making her escape; so she tried to speak, but for a dunce? Go on!\' \'I\'m a poor man,\' the Hatter asked triumphantly. Alice did not notice this.', '2023-07-05', '2023-10-03', '2023-06-27 02:06:57', '2023-06-27 02:06:57'),
(18, 'Zoey Bashirian II', 'Dormouse crossed the court, without even looking round. \'I\'ll fetch the executioner went off like an honest man.\' There was a little animal (she couldn\'t guess of what work it would be a person of.', '2023-07-09', '2023-10-19', '2023-06-27 02:06:57', '2023-06-27 02:06:57'),
(19, 'Dr. Frank Greenfelder', 'If they had to kneel down on their slates, and then at the righthand bit again, and that\'s very like a frog; and both the hedgehogs were out of its right ear and left off quarrelling with the grin.', '2023-07-20', '2023-10-18', '2023-06-27 02:06:57', '2023-06-27 02:06:57'),
(20, 'Jarret Huel', 'Laughing and Grief, they used to say.\' \'So he did, so he did,\' said the Cat in a very curious to see if he would not allow without knowing how old it was, even before she gave her one, they gave him.', '2023-06-30', '2023-10-19', '2023-06-27 02:06:57', '2023-06-27 02:06:57'),
(21, 'Joe VonRueden', 'Lobster Quadrille?\' the Gryphon as if it had some kind of sob, \'I\'ve tried every way, and nothing seems to be afraid of them!\' \'And who are THESE?\' said the Gryphon. \'It\'s all about as curious as it.', '2023-07-20', '2023-10-04', '2023-06-27 02:06:57', '2023-06-27 02:06:57'),
(22, 'Alycia Hill', 'Pig and Pepper For a minute or two, looking for the baby, it was too slippery; and when she went on eagerly. \'That\'s enough about lessons,\' the Gryphon interrupted in a minute or two, she made her.', '2023-07-19', '2023-10-14', '2023-06-27 02:06:57', '2023-06-27 02:06:57'),
(23, 'Dr. Elmore Ebert', 'Bill had left off sneezing by this time?\' she said to the jury. They were indeed a queer-looking party that assembled on the stairs. Alice knew it was empty: she did so, very carefully, remarking.', '2023-07-20', '2023-10-23', '2023-06-27 02:06:57', '2023-06-27 02:06:57'),
(24, 'Stacy Armstrong DDS', 'Alice, and her eyes immediately met those of a water-well,\' said the cook. \'Treacle,\' said a timid and tremulous sound.] \'That\'s different from what I like\"!\' \'You might just as well as I used--and.', '2023-07-05', '2023-10-04', '2023-06-27 02:06:57', '2023-06-27 02:06:57'),
(25, 'Sean Kassulke', 'I may as well go back, and see after some executions I have ordered\'; and she went to the other, and making quite a crowd of little cartwheels, and the Queen, tossing her head through the doorway.', '2023-07-10', '2023-10-25', '2023-06-27 02:06:57', '2023-06-27 02:06:57'),
(26, 'Lourdes Ziemann', 'Hatter, \'you wouldn\'t talk about her other little children, and make THEIR eyes bright and eager with many a strange tale, perhaps even with the bones and the fan, and skurried away into the air.', '2023-07-20', '2023-10-01', '2023-06-27 02:06:57', '2023-06-27 02:06:57'),
(27, 'Kaylin Keeling', 'THE LITTLE BUSY BEE,\" but it puzzled her a good deal to come out among the distant green leaves. As there seemed to have been that,\' said the Duchess, \'as pigs have to whisper a hint to Time, and.', '2023-07-06', '2023-10-22', '2023-06-27 02:06:57', '2023-06-27 02:06:57'),
(28, 'Roderick Connelly', 'Caterpillar. Here was another long passage, and the blades of grass, but she thought it must be Mabel after all, and I never heard before, \'Sure then I\'m here! Digging for apples, yer honour!\'.', '2023-06-27', '2023-10-14', '2023-06-27 02:06:57', '2023-06-27 02:06:57'),
(29, 'Dustin Abshire DVM', 'Hatter, who turned pale and fidgeted. \'Give your evidence,\' said the Gryphon: \'I went to the Duchess: you\'d better ask HER about it.\' (The jury all brightened up at this moment the King, and he.', '2023-07-25', '2023-10-15', '2023-06-27 02:06:57', '2023-06-27 02:06:57'),
(30, 'Mr. Greg Harber II', 'Duchess! The Duchess! Oh my fur and whiskers! She\'ll get me executed, as sure as ferrets are ferrets! Where CAN I have done that?\' she thought. \'But everything\'s curious today. I think I may as well.', '2023-07-10', '2023-10-04', '2023-06-27 02:06:57', '2023-06-27 02:06:57'),
(31, 'Prof. Wilber Greenfelder', 'I\'ll write one--but I\'m grown up now,\' she said, \'for her hair goes in such a puzzled expression that she had known them all her coaxing. Hardly knowing what she was holding, and she tried another.', '2023-06-30', '2023-10-11', '2023-06-27 02:06:57', '2023-06-27 02:06:57'),
(32, 'Magdalen Orn', 'And how odd the directions will look! ALICE\'S RIGHT FOOT, ESQ. HEARTHRUG, NEAR THE FENDER, (WITH ALICE\'S LOVE). Oh dear, what nonsense I\'m talking!\' Just then she walked up towards it rather.', '2023-07-11', '2023-10-26', '2023-06-27 02:06:57', '2023-06-27 02:06:57'),
(33, 'Monserrat Harvey', 'Mock Turtle Soup is made from,\' said the Gryphon, with a teacup in one hand, and a large mushroom growing near her, she began, rather timidly, saying to herself, \'it would have done just as she.', '2023-07-18', '2023-10-05', '2023-06-27 02:06:57', '2023-06-27 02:06:57'),
(34, 'Dr. Hiram Walker', 'Alice, \'and why it is all the while, and fighting for the pool was getting so far off). \'Oh, my poor hands, how is it directed to?\' said the King; and the bright flower-beds and the second verse of.', '2023-07-13', '2023-09-28', '2023-06-27 02:06:57', '2023-06-27 02:06:57'),
(35, 'Dr. Jules Bergnaum', 'Duchess sang the second verse of the treat. When the sands are all pardoned.\' \'Come, THAT\'S a good character, But said I didn\'t!\' interrupted Alice. \'You are,\' said the Dodo, \'the best way to.', '2023-07-27', '2023-09-29', '2023-06-27 02:06:57', '2023-06-27 02:06:57'),
(36, 'Dewayne Zulauf', 'They are waiting on the bank, and of having nothing to do: once or twice, half hoping that the reason and all dripping wet, cross, and uncomfortable. The first question of course you know I\'m mad?\'.', '2023-06-28', '2023-10-23', '2023-06-27 02:06:57', '2023-06-27 02:06:57'),
(37, 'Shana O\'Connell Sr.', 'Was kindly permitted to pocket the spoon: While the Panther were sharing a pie--\' [later editions continued as follows When the sands are all dry, he is gay as a lark, And will talk in contemptuous.', '2023-07-08', '2023-10-21', '2023-06-27 02:06:57', '2023-06-27 02:06:57'),
(38, 'Sabrina Shanahan Sr.', 'Mock Turtle, \'they--you\'ve seen them, of course?\' \'Yes,\' said Alice, rather alarmed at the Hatter, \'or you\'ll be asleep again before it\'s done.\' \'Once upon a low voice, to the other paw, \'lives a.', '2023-07-01', '2023-10-14', '2023-06-27 02:06:57', '2023-06-27 02:06:57'),
(39, 'Armand Wyman', 'I ever saw in my kitchen AT ALL. Soup does very well to say \'Drink me,\' but the Mouse in the same height as herself; and when she had to pinch it to annoy, Because he knows it teases.\' CHORUS. (In.', '2023-07-17', '2023-10-15', '2023-06-27 02:06:57', '2023-06-27 02:06:57'),
(40, 'Kade Zboncak', 'Dodo, a Lory and an Eaglet, and several other curious creatures. Alice led the way, and nothing seems to be ashamed of yourself,\' said Alice, \'because I\'m not particular as to prevent its undoing.', '2023-07-09', '2023-10-14', '2023-06-27 02:06:57', '2023-06-27 02:06:57'),
(41, 'Sophie Macejkovic', 'Now I growl when I\'m angry. Therefore I\'m mad.\' \'I call it purring, not growling,\' said Alice. \'Come on, then,\' said Alice, \'how am I to do this, so that altogether, for the next moment a shower of.', '2023-07-13', '2023-10-16', '2023-06-27 02:06:57', '2023-06-27 02:06:57'),
(42, 'Ivy Krajcik', 'Gryphon, and the sounds will take care of themselves.\"\' \'How fond she is only a child!\' The Queen turned crimson with fury, and, after folding his arms and legs in all directions, tumbling up.', '2023-07-17', '2023-10-21', '2023-06-27 02:06:57', '2023-06-27 02:06:57'),
(43, 'Pablo Kozey Sr.', 'They had not gone much farther before she had accidentally upset the week before. \'Oh, I know!\' exclaimed Alice, who had spoken first. \'That\'s none of them hit her in a sorrowful tone; \'at least.', '2023-07-20', '2023-10-17', '2023-06-27 02:06:57', '2023-06-27 02:06:57'),
(44, 'Heath Ratke', 'I should say what you had been of late much accustomed to usurpation and conquest. Edwin and Morcar, the earls of Mercia and Northumbria--\"\' \'Ugh!\' said the King. \'Shan\'t,\' said the Cat, \'a dog\'s.', '2023-07-19', '2023-09-30', '2023-06-27 02:06:57', '2023-06-27 02:06:57'),
(45, 'Stuart Lehner', 'As soon as there was enough of it appeared. \'I don\'t know what \"it\" means.\' \'I know what it was too small, but at the place of the doors of the court was in March.\' As she said to herself, as well.', '2023-07-07', '2023-10-26', '2023-06-27 02:06:57', '2023-06-27 02:06:57'),
(46, 'Jonatan Stokes', 'Said his father; \'don\'t give yourself airs! Do you think I must sugar my hair.\" As a duck with its wings. \'Serpent!\' screamed the Gryphon. \'Well, I hardly know--No more, thank ye; I\'m better.', '2023-07-19', '2023-10-13', '2023-06-27 02:06:57', '2023-06-27 02:06:57'),
(47, 'Lucy Hodkiewicz', 'Alice. \'It goes on, you know,\' said Alice, surprised at this, she was saying, and the Mock Turtle replied, counting off the top of the Queen\'s hedgehog just now, only it ran away when it had some.', '2023-07-18', '2023-10-15', '2023-06-27 02:06:57', '2023-06-27 02:06:57'),
(48, 'Lisandro Jast', 'Please, Ma\'am, is this New Zealand or Australia?\' (and she tried another question. \'What sort of mixed flavour of cherry-tart, custard, pine-apple, roast turkey, toffee, and hot buttered toast,) she.', '2023-07-25', '2023-10-03', '2023-06-27 02:06:57', '2023-06-27 02:06:57'),
(49, 'Dr. Cletus Grimes II', 'Alice called after her. \'I\'ve something important to say!\' This sounded promising, certainly: Alice turned and came back again. \'Keep your temper,\' said the Mouse, turning to Alice: he had come back.', '2023-07-17', '2023-10-06', '2023-06-27 02:06:57', '2023-06-27 02:06:57'),
(50, 'America Zulauf', 'The Queen\'s Croquet-Ground A large rose-tree stood near the entrance of the song, perhaps?\' \'I\'ve heard something like it,\' said the Hatter: \'as the things I used to come once a week: HE taught us.', '2023-07-05', '2023-09-30', '2023-06-27 02:06:57', '2023-06-27 02:06:57'),
(52, 'Dao Duy Dan', 'Laravel', '2023-07-05', '2023-09-29', '2023-07-04 20:52:47', '2023-07-04 20:52:47'),
(56, 'Laravel', 'Khóa học nhanh về Laravel.', '2023-07-08', '2023-10-10', '2023-07-06 01:25:36', '2023-07-06 01:25:36'),
(57, 'ReactJs', 'Khóa học nhanh về ReactJs', '2023-07-07', '2023-10-12', '2023-07-06 01:25:36', '2023-07-06 01:25:36');

-- --------------------------------------------------------

--
-- Cấu trúc bảng cho bảng `course_person`
--

CREATE TABLE `course_person` (
  `person_id` bigint(20) UNSIGNED NOT NULL,
  `course_id` bigint(20) UNSIGNED NOT NULL
) ENGINE=InnoDB DEFAULT CHARSET=utf8mb4 COLLATE=utf8mb4_unicode_ci;

--
-- Đang đổ dữ liệu cho bảng `course_person`
--

INSERT INTO `course_person` (`person_id`, `course_id`) VALUES
(1, 1),
(2, 1),
(6, 1),
(8, 1),
(145, 1),
(164, 1),
(183, 1),
(186, 1),
(199, 1),
(244, 1),
(255, 1),
(266, 1),
(281, 1),
(285, 1),
(298, 1),
(300, 1),
(301, 1),
(312, 1),
(320, 1),
(348, 1),
(373, 1),
(474, 1),
(8, 2),
(57, 2),
(66, 2),
(104, 2),
(146, 2),
(181, 2),
(186, 2),
(221, 2),
(262, 2),
(373, 2),
(419, 2),
(454, 2),
(474, 2),
(69, 3),
(95, 3),
(98, 3),
(104, 3),
(105, 3),
(150, 3),
(180, 3),
(181, 3),
(216, 3),
(242, 3),
(342, 3),
(343, 3),
(419, 3),
(452, 3),
(22, 4),
(28, 4),
(37, 4),
(99, 4),
(132, 4),
(163, 4),
(213, 4),
(221, 4),
(312, 4),
(355, 4),
(407, 4),
(489, 4),
(1, 5),
(26, 5),
(77, 5),
(88, 5),
(99, 5),
(138, 5),
(144, 5),
(238, 5),
(244, 5),
(250, 5),
(252, 5),
(303, 5),
(318, 5),
(420, 5),
(433, 5),
(434, 5),
(469, 5),
(23, 6),
(25, 6),
(26, 6),
(43, 6),
(86, 6),
(108, 6),
(109, 6),
(120, 6),
(145, 6),
(243, 6),
(290, 6),
(307, 6),
(308, 6),
(348, 6),
(372, 6),
(415, 6),
(451, 6),
(457, 6),
(468, 6),
(489, 6),
(82, 7),
(122, 7),
(158, 7),
(199, 7),
(226, 7),
(273, 7),
(295, 7),
(306, 7),
(338, 7),
(356, 7),
(378, 7),
(393, 7),
(396, 7),
(420, 7),
(446, 7),
(482, 7),
(10, 8),
(12, 8),
(13, 8),
(46, 8),
(47, 8),
(71, 8),
(82, 8),
(93, 8),
(106, 8),
(195, 8),
(198, 8),
(243, 8),
(257, 8),
(330, 8),
(360, 8),
(436, 8),
(488, 8),
(14, 9),
(26, 9),
(52, 9),
(77, 9),
(159, 9),
(169, 9),
(208, 9),
(230, 9),
(251, 9),
(288, 9),
(295, 9),
(328, 9),
(338, 9),
(358, 9),
(366, 9),
(379, 9),
(405, 9),
(4, 10),
(32, 10),
(51, 10),
(64, 10),
(70, 10),
(91, 10),
(98, 10),
(130, 10),
(148, 10),
(207, 10),
(215, 10),
(338, 10),
(365, 10),
(379, 10),
(384, 10),
(415, 10),
(418, 10),
(430, 10),
(435, 10),
(92, 11),
(141, 11),
(147, 11),
(149, 11),
(200, 11),
(237, 11),
(303, 11),
(368, 11),
(384, 11),
(395, 11),
(460, 11),
(469, 11),
(478, 11),
(16, 12),
(59, 12),
(159, 12),
(170, 12),
(176, 12),
(182, 12),
(199, 12),
(230, 12),
(242, 12),
(250, 12),
(283, 12),
(317, 12),
(357, 12),
(368, 12),
(377, 12),
(378, 12),
(392, 12),
(60, 13),
(69, 13),
(195, 13),
(198, 13),
(220, 13),
(243, 13),
(276, 13),
(319, 13),
(390, 13),
(446, 13),
(463, 13),
(11, 14),
(38, 14),
(111, 14),
(130, 14),
(141, 14),
(152, 14),
(216, 14),
(239, 14),
(254, 14),
(293, 14),
(317, 14),
(334, 14),
(347, 14),
(353, 14),
(400, 14),
(445, 14),
(458, 14),
(462, 14),
(465, 14),
(15, 15),
(34, 15),
(38, 15),
(47, 15),
(56, 15),
(100, 15),
(147, 15),
(150, 15),
(176, 15),
(186, 15),
(311, 15),
(434, 15),
(470, 15),
(1, 16),
(2, 16),
(154, 16),
(268, 16),
(340, 16),
(374, 16),
(467, 16),
(469, 16),
(1, 17),
(9, 17),
(31, 17),
(103, 17),
(106, 17),
(135, 17),
(167, 17),
(177, 17),
(211, 17),
(225, 17),
(261, 17),
(262, 17),
(284, 17),
(355, 17),
(370, 17),
(400, 17),
(436, 17),
(443, 17),
(450, 17),
(486, 17),
(57, 18),
(91, 18),
(137, 18),
(140, 18),
(182, 18),
(199, 18),
(205, 18),
(219, 18),
(260, 18),
(262, 18),
(347, 18),
(391, 18),
(407, 18),
(415, 18),
(421, 18),
(44, 19),
(106, 19),
(156, 19),
(178, 19),
(196, 19),
(198, 19),
(209, 19),
(220, 19),
(270, 19),
(332, 19),
(361, 19),
(411, 19),
(440, 19),
(444, 19),
(475, 19),
(29, 20),
(45, 20),
(55, 20),
(103, 20),
(125, 20),
(128, 20),
(141, 20),
(147, 20),
(160, 20),
(198, 20),
(231, 20),
(251, 20),
(314, 20),
(414, 20),
(434, 20),
(469, 20),
(473, 20),
(482, 20),
(19, 21),
(57, 21),
(97, 21),
(98, 21),
(101, 21),
(116, 21),
(127, 21),
(129, 21),
(156, 21),
(232, 21),
(244, 21),
(284, 21),
(298, 21),
(299, 21),
(408, 21),
(83, 22),
(115, 22),
(184, 22),
(201, 22),
(203, 22),
(210, 22),
(212, 22),
(242, 22),
(259, 22),
(329, 22),
(379, 22),
(3, 23),
(14, 23),
(88, 23),
(117, 23),
(130, 23),
(133, 23),
(204, 23),
(331, 23),
(447, 23),
(452, 23),
(460, 23),
(1, 24),
(20, 24),
(35, 24),
(108, 24),
(113, 24),
(120, 24),
(136, 24),
(143, 24),
(168, 24),
(195, 24),
(219, 24),
(279, 24),
(294, 24),
(326, 24),
(402, 24),
(427, 24),
(41, 25),
(62, 25),
(78, 25),
(105, 25),
(165, 25),
(188, 25),
(205, 25),
(250, 25),
(376, 25),
(387, 25),
(393, 25),
(412, 25),
(15, 26),
(177, 26),
(194, 26),
(212, 26),
(220, 26),
(315, 26),
(359, 26),
(370, 26),
(413, 26),
(416, 26),
(1, 27),
(12, 27),
(23, 27),
(40, 27),
(99, 27),
(147, 27),
(157, 27),
(177, 27),
(197, 27),
(218, 27),
(274, 27),
(296, 27),
(303, 27),
(317, 27),
(325, 27),
(351, 27),
(369, 27),
(424, 27),
(431, 27),
(485, 27),
(3, 28),
(4, 28),
(5, 28),
(6, 28),
(7, 28),
(8, 28),
(9, 28),
(10, 28),
(11, 28),
(12, 28),
(13, 28),
(14, 28),
(15, 28),
(16, 28),
(17, 28),
(18, 28),
(19, 28),
(20, 28),
(21, 28),
(22, 28),
(23, 28),
(24, 28),
(25, 28),
(26, 28),
(27, 28),
(28, 28),
(29, 28),
(30, 28),
(31, 28),
(32, 28),
(33, 28),
(34, 28),
(35, 28),
(36, 28),
(109, 28),
(133, 28),
(197, 28),
(287, 28),
(296, 28),
(353, 28),
(405, 28),
(28, 29),
(79, 29),
(83, 29),
(118, 29),
(144, 29),
(150, 29),
(287, 29),
(292, 29),
(316, 29),
(350, 29),
(353, 29),
(386, 29),
(457, 29),
(472, 29),
(480, 29),
(22, 30),
(26, 30),
(28, 30),
(100, 30),
(159, 30),
(161, 30),
(185, 30),
(276, 30),
(279, 30),
(282, 30),
(287, 30),
(295, 30),
(312, 30),
(364, 30),
(373, 30),
(381, 30),
(390, 30),
(428, 30),
(7, 31),
(18, 31),
(33, 31),
(65, 31),
(112, 31),
(133, 31),
(161, 31),
(192, 31),
(219, 31),
(256, 31),
(334, 31),
(345, 31),
(378, 31),
(389, 31),
(46, 32),
(71, 32),
(84, 32),
(107, 32),
(114, 32),
(252, 32),
(264, 32),
(273, 32),
(285, 32),
(336, 32),
(417, 32),
(450, 32),
(36, 33),
(53, 33),
(240, 33),
(245, 33),
(287, 33),
(300, 33),
(328, 33),
(355, 33),
(427, 33),
(435, 33),
(446, 33),
(473, 33),
(489, 33),
(92, 34),
(135, 34),
(154, 34),
(164, 34),
(225, 34),
(228, 34),
(259, 34),
(336, 34),
(386, 34),
(45, 35),
(68, 35),
(83, 35),
(93, 35),
(98, 35),
(155, 35),
(190, 35),
(254, 35),
(263, 35),
(297, 35),
(322, 35),
(338, 35),
(340, 35),
(359, 35),
(385, 35),
(405, 35),
(408, 35),
(425, 35),
(465, 35),
(49, 36),
(50, 36),
(85, 36),
(102, 36),
(175, 36),
(209, 36),
(303, 36),
(314, 36),
(331, 36),
(386, 36),
(412, 36),
(434, 36),
(480, 36),
(19, 37),
(52, 37),
(97, 37),
(176, 37),
(197, 37),
(261, 37),
(303, 37),
(314, 37),
(354, 37),
(410, 37),
(29, 38),
(47, 38),
(62, 38),
(90, 38),
(99, 38),
(110, 38),
(111, 38),
(121, 38),
(203, 38),
(210, 38),
(239, 38),
(244, 38),
(256, 38),
(263, 38),
(342, 38),
(362, 38),
(378, 38),
(385, 38),
(415, 38),
(465, 38),
(487, 38),
(60, 39),
(61, 39),
(133, 39),
(156, 39),
(171, 39),
(175, 39),
(178, 39),
(199, 39),
(239, 39),
(335, 39),
(411, 39),
(49, 40),
(73, 40),
(80, 40),
(95, 40),
(109, 40),
(112, 40),
(149, 40),
(174, 40),
(244, 40),
(259, 40),
(273, 40),
(292, 40),
(317, 40),
(353, 40),
(362, 40),
(405, 40),
(420, 40),
(473, 40),
(9, 41),
(18, 41),
(20, 41),
(148, 41),
(163, 41),
(193, 41),
(209, 41),
(217, 41),
(286, 41),
(320, 41),
(397, 41),
(400, 41),
(403, 41),
(467, 41),
(40, 42),
(69, 42),
(76, 42),
(79, 42),
(125, 42),
(163, 42),
(184, 42),
(284, 42),
(285, 42),
(300, 42),
(409, 42),
(441, 42),
(20, 43),
(24, 43),
(49, 43),
(63, 43),
(67, 43),
(113, 43),
(165, 43),
(179, 43),
(190, 43),
(208, 43),
(243, 43),
(289, 43),
(291, 43),
(325, 43),
(337, 43),
(354, 43),
(366, 43),
(375, 43),
(386, 43),
(395, 43),
(404, 43),
(415, 43),
(434, 43),
(440, 43),
(442, 43),
(472, 43),
(481, 43),
(14, 44),
(97, 44),
(114, 44),
(199, 44),
(200, 44),
(232, 44),
(260, 44),
(350, 44),
(351, 44),
(361, 44),
(384, 44),
(419, 44),
(475, 44),
(1, 45),
(75, 45),
(133, 45),
(224, 45),
(275, 45),
(288, 45),
(301, 45),
(331, 45),
(441, 45),
(476, 45),
(37, 46),
(68, 46),
(90, 46),
(110, 46),
(116, 46),
(127, 46),
(130, 46),
(132, 46),
(190, 46),
(235, 46),
(255, 46),
(337, 46),
(355, 46),
(394, 46),
(416, 46),
(434, 46),
(439, 46),
(2, 47),
(12, 47),
(23, 47),
(31, 47),
(37, 47),
(122, 47),
(126, 47),
(152, 47),
(169, 47),
(186, 47),
(208, 47),
(212, 47),
(252, 47),
(288, 47),
(312, 47),
(477, 47),
(484, 47),
(58, 48),
(62, 48),
(188, 48),
(223, 48),
(259, 48),
(274, 48),
(280, 48),
(283, 48),
(289, 48),
(315, 48),
(316, 48),
(331, 48),
(335, 48),
(343, 48),
(378, 48),
(388, 48),
(449, 48),
(461, 48),
(487, 48),
(72, 49),
(98, 49),
(122, 49),
(176, 49),
(231, 49),
(422, 49),
(1, 50),
(128, 50),
(130, 50),
(159, 50),
(201, 50),
(240, 50),
(306, 50),
(316, 50),
(339, 50),
(342, 50),
(349, 50),
(387, 50),
(424, 50),
(427, 50),
(481, 50),
(12, 52),
(13, 52),
(14, 52),
(15, 52),
(16, 52),
(17, 52),
(18, 52),
(19, 52),
(20, 52),
(21, 52),
(22, 52),
(23, 52),
(24, 52),
(25, 52),
(26, 52),
(27, 52),
(28, 52),
(29, 52),
(30, 52),
(31, 52),
(32, 52),
(33, 52),
(34, 52),
(35, 52),
(36, 52),
(37, 52),
(38, 52),
(214, 52),
(366, 52),
(437, 52);

-- --------------------------------------------------------

--
-- Cấu trúc bảng cho bảng `failed_jobs`
--

CREATE TABLE `failed_jobs` (
  `id` bigint(20) UNSIGNED NOT NULL,
  `uuid` varchar(255) COLLATE utf8mb4_unicode_ci NOT NULL,
  `connection` text COLLATE utf8mb4_unicode_ci NOT NULL,
  `queue` text COLLATE utf8mb4_unicode_ci NOT NULL,
  `payload` longtext COLLATE utf8mb4_unicode_ci NOT NULL,
  `exception` longtext COLLATE utf8mb4_unicode_ci NOT NULL,
  `failed_at` timestamp NOT NULL DEFAULT CURRENT_TIMESTAMP
) ENGINE=InnoDB DEFAULT CHARSET=utf8mb4 COLLATE=utf8mb4_unicode_ci;

-- --------------------------------------------------------

--
-- Cấu trúc bảng cho bảng `migrations`
--

CREATE TABLE `migrations` (
  `id` int(10) UNSIGNED NOT NULL,
  `migration` varchar(255) COLLATE utf8mb4_unicode_ci NOT NULL,
  `batch` int(11) NOT NULL
) ENGINE=InnoDB DEFAULT CHARSET=utf8mb4 COLLATE=utf8mb4_unicode_ci;

--
-- Đang đổ dữ liệu cho bảng `migrations`
--

INSERT INTO `migrations` (`id`, `migration`, `batch`) VALUES
(9, '2014_10_12_000000_create_users_table', 1),
(10, '2014_10_12_100000_create_password_reset_tokens_table', 1),
(11, '2019_08_19_000000_create_failed_jobs_table', 1),
(12, '2019_12_14_000001_create_personal_access_tokens_table', 1),
(13, '2023_06_26_081311_create_person_table', 1),
(14, '2023_06_26_081748_create_courses_table', 1),
(15, '2023_06_26_082514_create_person_course_table', 1),
(16, '2023_07_06_021900_create_permission_tables', 2);

-- --------------------------------------------------------

--
-- Cấu trúc bảng cho bảng `model_has_permissions`
--

CREATE TABLE `model_has_permissions` (
  `permission_id` bigint(20) UNSIGNED NOT NULL,
  `model_type` varchar(255) COLLATE utf8mb4_unicode_ci NOT NULL,
  `model_id` bigint(20) UNSIGNED NOT NULL
) ENGINE=InnoDB DEFAULT CHARSET=utf8mb4 COLLATE=utf8mb4_unicode_ci;

-- --------------------------------------------------------

--
-- Cấu trúc bảng cho bảng `model_has_roles`
--

CREATE TABLE `model_has_roles` (
  `role_id` bigint(20) UNSIGNED NOT NULL,
  `model_type` varchar(255) COLLATE utf8mb4_unicode_ci NOT NULL,
  `model_id` bigint(20) UNSIGNED NOT NULL
) ENGINE=InnoDB DEFAULT CHARSET=utf8mb4 COLLATE=utf8mb4_unicode_ci;

--
-- Đang đổ dữ liệu cho bảng `model_has_roles`
--

INSERT INTO `model_has_roles` (`role_id`, `model_type`, `model_id`) VALUES
(4, 'App\\Models\\User', 1),
(5, 'App\\Models\\User', 1),
(6, 'App\\Models\\User', 1),
(5, 'App\\Models\\User', 2),
(6, 'App\\Models\\User', 2),
(6, 'App\\Models\\User', 3);

-- --------------------------------------------------------

--
-- Cấu trúc bảng cho bảng `password_reset_tokens`
--

CREATE TABLE `password_reset_tokens` (
  `email` varchar(255) COLLATE utf8mb4_unicode_ci NOT NULL,
  `token` varchar(255) COLLATE utf8mb4_unicode_ci NOT NULL,
  `created_at` timestamp NULL DEFAULT NULL
) ENGINE=InnoDB DEFAULT CHARSET=utf8mb4 COLLATE=utf8mb4_unicode_ci;

-- --------------------------------------------------------

--
-- Cấu trúc bảng cho bảng `permissions`
--

CREATE TABLE `permissions` (
  `id` bigint(20) UNSIGNED NOT NULL,
  `name` varchar(255) COLLATE utf8mb4_unicode_ci NOT NULL,
  `guard_name` varchar(255) COLLATE utf8mb4_unicode_ci NOT NULL,
  `created_at` timestamp NULL DEFAULT NULL,
  `updated_at` timestamp NULL DEFAULT NULL
) ENGINE=InnoDB DEFAULT CHARSET=utf8mb4 COLLATE=utf8mb4_unicode_ci;

-- --------------------------------------------------------

--
-- Cấu trúc bảng cho bảng `person`
--

CREATE TABLE `person` (
  `id` bigint(20) UNSIGNED NOT NULL,
  `name` varchar(255) COLLATE utf8mb4_unicode_ci NOT NULL,
  `email` varchar(255) COLLATE utf8mb4_unicode_ci NOT NULL,
  `birthday` date NOT NULL,
  `phone_number` varchar(255) COLLATE utf8mb4_unicode_ci NOT NULL,
  `image_link` varchar(255) COLLATE utf8mb4_unicode_ci NOT NULL,
  `created_at` timestamp NULL DEFAULT NULL,
  `updated_at` timestamp NULL DEFAULT NULL
) ENGINE=InnoDB DEFAULT CHARSET=utf8mb4 COLLATE=utf8mb4_unicode_ci;

--
-- Đang đổ dữ liệu cho bảng `person`
--

INSERT INTO `person` (`id`, `name`, `email`, `birthday`, `phone_number`, `image_link`, `created_at`, `updated_at`) VALUES
(1, 'Bà. Thập Miên', 'loi72@gmail.com', '2006-08-02', '0928766001', 'https://via.placeholder.com/640x480.png/003344?text=dolores', '2023-06-29 19:28:26', '2023-07-01 20:47:05'),
(2, 'Châu Lai', 'lda@cung.com', '2000-03-13', '0525825195', 'https://via.placeholder.com/640x480.png/004433?text=placeat', '2023-06-29 19:28:26', '2023-06-29 19:28:26'),
(3, 'Nhậm Kiếm', 'gda@nhu.com', '2005-02-01', '0780602571', 'https://via.placeholder.com/640x480.png/002255?text=sunt', '2023-06-29 19:28:26', '2023-06-29 19:28:26'),
(4, 'Em. Triệu Việt Giang', 'chi.dang@yahoo.com', '1989-01-17', '0455959495', 'https://via.placeholder.com/640x480.png/005566?text=totam', '2023-06-29 19:28:26', '2023-06-29 19:28:26'),
(5, 'Ca Hùng Trúc', 'lo.thuc@gmail.com', '1997-07-25', '0451170771', 'https://via.placeholder.com/640x480.png/008844?text=non', '2023-06-29 19:28:26', '2023-06-29 19:28:26'),
(6, 'Đinh Kim Quyền', 'ztye@bui.vn', '1999-07-26', '0450030846', 'avatars/6/519SVnlUIRouHwEdsA82Wj6KIsMSzOEZskxIt6pL.png', '2023-06-29 19:28:26', '2023-06-29 23:27:40'),
(7, 'Cụ. Lô Đông Định', 'sla@duong.mil.vn', '1991-05-09', '0953837756', 'https://via.placeholder.com/640x480.png/006666?text=necessitatibus', '2023-06-29 19:28:26', '2023-06-29 19:28:26'),
(8, 'Quách Vu', 'chu.anh@van.gov.vn', '1996-04-03', '0412172854', 'avatars/8/on6goGdqyj51AAatngGDJmLv4UJ228O6NVYIvqty.png', '2023-06-29 19:28:26', '2023-07-01 00:56:58'),
(9, 'Em. La Hạ Phụng', 'hy.co@yahoo.com', '2003-08-19', '0320049618', 'https://via.placeholder.com/640x480.png/0044ee?text=ipsa', '2023-06-29 19:28:26', '2023-06-29 19:28:26'),
(10, 'Trương Mẫn', 'truc39@gmail.com', '1995-12-24', '0625860249', 'https://via.placeholder.com/640x480.png/005533?text=fuga', '2023-06-29 19:28:26', '2023-06-29 19:28:26'),
(11, 'Hoàng Sĩ Đăng', 'thien.phi@yahoo.com', '1990-07-14', '0451012753', 'https://via.placeholder.com/640x480.png/00ccbb?text=et', '2023-06-29 19:28:26', '2023-06-29 19:28:26'),
(12, 'Cô. Phi Bảo', 'vvuong@hotmail.com', '1989-06-05', '0253296982', 'https://via.placeholder.com/640x480.png/0099dd?text=suscipit', '2023-06-29 19:28:26', '2023-06-29 19:28:26'),
(13, 'Cụ. Viên Kiên', 'khue.ninh@gmail.com', '1989-08-22', '0126369584', 'https://via.placeholder.com/640x480.png/000033?text=facere', '2023-06-29 19:28:26', '2023-06-29 19:28:26'),
(14, 'Ung Hạo Thạch', 'duong26@danh.mil.vn', '2000-09-13', '0377977036', 'https://via.placeholder.com/640x480.png/00ff22?text=ut', '2023-06-29 19:28:26', '2023-06-29 19:28:26'),
(15, 'Bác. Bảo Trâm', 'vu.nghia@gmail.com', '2001-09-30', '0199521329', 'https://via.placeholder.com/640x480.png/00aabb?text=et', '2023-06-29 19:28:26', '2023-06-29 19:28:26'),
(16, 'Bác. Cát Thảo', 'thuy.kim@hotmail.com', '1998-10-02', '0510838450', 'https://via.placeholder.com/640x480.png/00ee66?text=quidem', '2023-06-29 19:28:26', '2023-06-29 19:28:26'),
(17, 'Bác. Ty Lễ', 'chu.loc@duong.com', '1995-12-23', '0424045580', 'https://via.placeholder.com/640x480.png/00ff77?text=rerum', '2023-06-29 19:28:26', '2023-06-29 19:28:26'),
(18, 'Em. Hồng Đông Khiếu', 'trach.luu@yahoo.com', '2000-05-09', '0497589842', 'https://via.placeholder.com/640x480.png/00bb99?text=omnis', '2023-06-29 19:28:26', '2023-06-29 19:28:26'),
(19, 'Ông. Trịnh Hiền Công', 'anh.man@than.net.vn', '2005-07-23', '0412056970', 'https://via.placeholder.com/640x480.png/0011dd?text=illum', '2023-06-29 19:28:26', '2023-06-29 19:28:26'),
(20, 'Tiêu Mộc Ly', 'be.hy@ty.int.vn', '2004-09-19', '0428142766', 'https://via.placeholder.com/640x480.png/0044ee?text=in', '2023-06-29 19:28:26', '2023-06-29 19:28:26'),
(21, 'Bác. Lạc Phượng Hữu', 'chiem.triet@vu.com', '1996-04-01', '0490026322', 'https://via.placeholder.com/640x480.png/00bb66?text=velit', '2023-06-29 19:28:26', '2023-06-29 19:28:26'),
(22, 'Lô Thụy', 'tong.thao@vu.com', '1997-09-10', '0476193903', 'https://via.placeholder.com/640x480.png/0055ff?text=minima', '2023-06-29 19:28:26', '2023-06-29 19:28:26'),
(23, 'Em. Viên Bữu Phụng', 'pho.nhat@khong.info.vn', '1997-01-10', '0418811958', 'https://via.placeholder.com/640x480.png/00ee44?text=officia', '2023-06-29 19:28:26', '2023-06-29 19:28:26'),
(24, 'Cụ. Bùi Diệp', 'ubac@hotmail.com', '1998-05-29', '0321183984', 'https://via.placeholder.com/640x480.png/0044ff?text=dolores', '2023-06-29 19:28:26', '2023-06-29 19:28:26'),
(25, 'Hà Thoa', 'khuyen11@dong.name.vn', '2004-10-25', '0412647802', 'https://via.placeholder.com/640x480.png/00dd88?text=sint', '2023-06-29 19:28:26', '2023-06-29 19:28:26'),
(26, 'Cát Vỹ', 'duyen31@phi.pro.vn', '1998-12-09', '0597126115', 'https://via.placeholder.com/640x480.png/00ee33?text=est', '2023-06-29 19:28:26', '2023-06-29 19:28:26'),
(27, 'Cụ. Đan An Ngân', 'quyen70@cam.com', '1996-09-06', '0129542411', 'https://via.placeholder.com/640x480.png/006622?text=officiis', '2023-06-29 19:28:26', '2023-06-29 19:28:26'),
(28, 'Cụ. Bế Thái Diễm', 'nhat.bach@yahoo.com', '1991-01-03', '0168115960', 'https://via.placeholder.com/640x480.png/00ee33?text=doloremque', '2023-06-29 19:28:26', '2023-06-29 19:28:26'),
(29, 'Em. Thào Cương', 'thuc33@yahoo.com', '1999-04-06', '0412611267', 'https://via.placeholder.com/640x480.png/006644?text=qui', '2023-06-29 19:28:26', '2023-06-29 19:28:26'),
(30, 'Vương Toại', 'tuan.ly@hotmail.com', '2003-05-18', '0761061566', 'https://via.placeholder.com/640x480.png/0044cc?text=dignissimos', '2023-06-29 19:28:26', '2023-06-29 19:28:26'),
(31, 'Nghị Tiểu Khuê', 'ai.bo@ly.com.vn', '2005-11-03', '0303864446', 'https://via.placeholder.com/640x480.png/00ccbb?text=voluptatem', '2023-06-29 19:28:26', '2023-06-29 19:28:26'),
(32, 'Chị. Bồ Bích', 'thuc.luc@nguy.edu.vn', '1996-06-24', '0269357638', 'https://via.placeholder.com/640x480.png/0011ee?text=sunt', '2023-06-29 19:28:26', '2023-06-29 19:28:26'),
(33, 'Bà. Mang Phi', 'lac.bach@hy.com', '2003-11-04', '0498340701', 'https://via.placeholder.com/640x480.png/001177?text=vel', '2023-06-29 19:28:26', '2023-06-29 19:28:26'),
(34, 'Em. Lâm Hưng Chấn', 'dhung@moc.net', '1998-07-09', '0689915414', 'https://via.placeholder.com/640x480.png/005555?text=nesciunt', '2023-06-29 19:28:26', '2023-06-29 19:28:26'),
(35, 'Chị. Tạ Diệu', 'hoa.giac@ong.org.vn', '2005-10-21', '0471049352', 'https://via.placeholder.com/640x480.png/004477?text=voluptates', '2023-06-29 19:28:26', '2023-06-29 19:28:26'),
(36, 'Bác. Lâm Giao', 'suong94@diem.com', '2004-06-29', '0473381682', 'https://via.placeholder.com/640x480.png/0044ff?text=qui', '2023-06-29 19:28:26', '2023-06-29 19:28:26'),
(37, 'Anh. Trang Vũ', 'jtruong@hotmail.com', '1995-11-07', '0168156320', 'https://via.placeholder.com/640x480.png/001155?text=aut', '2023-06-29 19:28:26', '2023-06-29 19:28:26'),
(38, 'Khúc Quốc Trí', 'toan26@dao.biz', '1995-12-30', '0491090039', 'https://via.placeholder.com/640x480.png/00dd77?text=aut', '2023-06-29 19:28:26', '2023-06-29 19:28:26'),
(39, 'Cụ. Triệu Hướng Trung', 'knghiem@che.gov.vn', '1997-10-15', '0271202680', 'https://via.placeholder.com/640x480.png/00ff00?text=sunt', '2023-06-29 19:28:26', '2023-06-29 19:28:26'),
(40, 'Ánh Luận', 'tuan.la@yahoo.com', '2007-05-05', '0868675246', 'https://via.placeholder.com/640x480.png/0044ee?text=officiis', '2023-06-29 19:28:26', '2023-06-29 19:28:26'),
(41, 'Cô. Tiếp Ca', 'pphuong@diep.info.vn', '1997-10-26', '0430814637', 'https://via.placeholder.com/640x480.png/001155?text=id', '2023-06-29 19:28:26', '2023-06-29 19:28:26'),
(42, 'Mạc Hiếu', 'hnham@giao.com', '2002-02-20', '0476222311', 'https://via.placeholder.com/640x480.png/004488?text=sunt', '2023-06-29 19:28:26', '2023-06-29 19:28:26'),
(43, 'Mạch Lâm Đoan', 'thuong27@gmail.com', '1989-03-17', '0476791866', 'https://via.placeholder.com/640x480.png/00ddee?text=corrupti', '2023-06-29 19:28:26', '2023-06-29 19:28:26'),
(44, 'Thào Cơ', 'qlu@hotmail.com', '1999-01-25', '0124803254', 'https://via.placeholder.com/640x480.png/0077bb?text=qui', '2023-06-29 19:28:26', '2023-06-29 19:28:26'),
(45, 'Trang Nhiên', 'trac.nham@yahoo.com', '2007-01-25', '0430374587', 'https://via.placeholder.com/640x480.png/00ffbb?text=quaerat', '2023-06-29 19:28:26', '2023-06-29 19:28:26'),
(46, 'Cụ. Hy Tiên', 'nguyen89@huynh.edu.vn', '1995-05-10', '0796670710', 'https://via.placeholder.com/640x480.png/00ff00?text=dolor', '2023-06-29 19:28:26', '2023-06-29 19:28:26'),
(47, 'Cô. Từ Thi', 'khong.dai@luu.com.vn', '1990-05-30', '0780438763', 'https://via.placeholder.com/640x480.png/0055ff?text=debitis', '2023-06-29 19:28:26', '2023-06-29 19:28:26'),
(48, 'Nhiệm Tuyết', 'cai.khanh@yahoo.com', '1995-11-02', '0651329509', 'https://via.placeholder.com/640x480.png/0033bb?text=non', '2023-06-29 19:28:26', '2023-06-29 19:28:26'),
(49, 'Khâu Triết', 'yen.bach@tao.net', '1997-03-22', '0474046354', 'https://via.placeholder.com/640x480.png/0000cc?text=dolorum', '2023-06-29 19:28:26', '2023-06-29 19:28:26'),
(50, 'Giao Hữu', 'hao.an@yahoo.com', '2001-12-29', '0122494906', 'https://via.placeholder.com/640x480.png/00cc66?text=saepe', '2023-06-29 19:28:26', '2023-06-29 19:28:26'),
(51, 'Nguyễn Trọng Bằng', 'my.danh@luc.health.vn', '2000-06-22', '0167596519', 'https://via.placeholder.com/640x480.png/00ee00?text=nihil', '2023-06-29 19:28:26', '2023-07-01 00:32:33'),
(52, 'An Lâm', 'ynham@yahoo.com', '1989-07-20', '0907946446', 'https://via.placeholder.com/640x480.png/00bb55?text=voluptas', '2023-06-29 19:28:26', '2023-06-29 19:28:26'),
(53, 'Thi Vĩnh', 'kba@hotmail.com', '2007-05-10', '0739910186', 'https://via.placeholder.com/640x480.png/00bb22?text=aut', '2023-06-29 19:28:26', '2023-06-29 19:28:26'),
(54, 'Đào Tịnh Chiêu', 'bao.au@chiem.org.vn', '1990-08-17', '0162062672', 'https://via.placeholder.com/640x480.png/00ee44?text=omnis', '2023-06-29 19:28:26', '2023-06-29 19:28:26'),
(55, 'Trương Duyên', 'can47@thinh.com', '1988-09-22', '0412719541', 'https://via.placeholder.com/640x480.png/002200?text=pariatur', '2023-06-29 19:28:26', '2023-06-29 19:28:26'),
(56, 'Cụ. Sử Đông Nhân', 'cthieu@ca.com', '1991-05-08', '0428023565', 'https://via.placeholder.com/640x480.png/007722?text=labore', '2023-06-29 19:28:26', '2023-06-29 19:28:26'),
(57, 'Bác. Nhữ Như', 'anh83@phi.biz.vn', '2006-07-15', '0211194970', 'https://via.placeholder.com/640x480.png/003322?text=tempora', '2023-06-29 19:28:26', '2023-06-29 19:28:26'),
(58, 'Bà. Cầm Hải Dân', 'huyen60@hotmail.com', '1991-01-15', '0416303046', 'https://via.placeholder.com/640x480.png/00ccee?text=occaecati', '2023-06-29 19:28:26', '2023-06-29 19:28:26'),
(59, 'Bác. Thi Định', 'vinh.kieu@nham.ac.vn', '1998-06-24', '0435017295', 'https://via.placeholder.com/640x480.png/0099aa?text=perferendis', '2023-06-29 19:28:26', '2023-06-29 19:28:26'),
(60, 'Lưu Ái', 'viet88@cu.pro.vn', '1995-01-15', '0463804122', 'https://via.placeholder.com/640x480.png/004422?text=reiciendis', '2023-06-29 19:28:26', '2023-06-29 19:28:26'),
(61, 'Cụ. Tòng Thiên Uyển', 'trieu27@nham.com', '1993-05-28', '0277885858', 'https://via.placeholder.com/640x480.png/005522?text=rem', '2023-06-29 19:28:26', '2023-06-29 19:28:26'),
(62, 'Em. Ty Hồ Dao', 'lac.ca@luu.health.vn', '2007-03-17', '0472826610', 'https://via.placeholder.com/640x480.png/00ff55?text=voluptatem', '2023-06-29 19:28:26', '2023-06-29 19:28:26'),
(63, 'Chị. Lò Khuê', 'cat.tu@hotmail.com', '1995-05-13', '0461575439', 'https://via.placeholder.com/640x480.png/002266?text=facere', '2023-06-29 19:28:26', '2023-06-29 19:28:26'),
(64, 'Em. Giao Bữu Vĩ', 'can91@yahoo.com', '1999-11-20', '0471067567', 'https://via.placeholder.com/640x480.png/000000?text=aliquid', '2023-06-29 19:28:26', '2023-06-29 19:28:26'),
(65, 'Bình Phước Văn', 'vu.nham@phuong.com', '1994-03-17', '0470102072', 'https://via.placeholder.com/640x480.png/005599?text=ullam', '2023-06-29 19:28:26', '2023-06-29 19:28:26'),
(66, 'Hy Lực', 'vinh03@diep.info.vn', '1997-07-23', '0451004814', 'https://via.placeholder.com/640x480.png/00aaee?text=sed', '2023-06-29 19:28:26', '2023-06-29 19:28:26'),
(67, 'Nghị Quyết', 'tong.di@hoa.com', '1992-11-17', '0208563936', 'https://via.placeholder.com/640x480.png/008811?text=voluptatibus', '2023-06-29 19:28:26', '2023-06-29 19:28:26'),
(68, 'Chú. Ca Quyết Tiển', 'thuy.chung@gmail.com', '1995-06-21', '0421009016', 'https://via.placeholder.com/640x480.png/006666?text=ducimus', '2023-06-29 19:28:26', '2023-06-29 19:28:26'),
(69, 'Thi Cam Thư', 'khoi89@leu.com', '2006-05-03', '0765006682', 'https://via.placeholder.com/640x480.png/00dd33?text=quidem', '2023-06-29 19:28:26', '2023-06-29 19:28:26'),
(70, 'Thiều Chinh', 'truong.lam@gmail.com', '1989-06-18', '0927708418', 'https://via.placeholder.com/640x480.png/00aa55?text=iusto', '2023-06-29 19:28:26', '2023-06-29 19:28:26'),
(71, 'Cụ. Lại Thêu', 'banh.hieu@tong.health.vn', '1999-01-15', '0711682238', 'https://via.placeholder.com/640x480.png/00dd44?text=itaque', '2023-06-29 19:28:26', '2023-06-29 19:28:26'),
(72, 'Phan Ngọc Cảnh', 'lai.kim@trac.edu.vn', '1992-01-13', '0478050142', 'https://via.placeholder.com/640x480.png/00ee99?text=ea', '2023-06-29 19:28:26', '2023-06-29 19:28:26'),
(73, 'Bác. Phó Nhiên', 'khoa.ngan@yahoo.com', '1993-05-10', '0421980717', 'https://via.placeholder.com/640x480.png/00ffcc?text=dolore', '2023-06-29 19:28:26', '2023-06-29 19:28:26'),
(74, 'Kiều Tú', 'uyen.dong@gmail.com', '1995-02-11', '0351956464', 'https://via.placeholder.com/640x480.png/00eeff?text=repellendus', '2023-06-29 19:28:26', '2023-06-29 19:28:26'),
(75, 'Anh. Lữ Hữu Sử', 'khuyen98@yahoo.com', '2004-02-19', '0121622264', 'https://via.placeholder.com/640x480.png/00ddbb?text=sapiente', '2023-06-29 19:28:26', '2023-06-29 19:28:26'),
(76, 'Chị. Hoa Điệp', 'cuong28@gmail.com', '2007-06-25', '0427861831', 'https://via.placeholder.com/640x480.png/00aa33?text=ea', '2023-06-29 19:28:26', '2023-06-29 19:28:26'),
(77, 'Chị. Tống Giao', 'mau.hop@vi.pro.vn', '2005-07-13', '0567574703', 'https://via.placeholder.com/640x480.png/004499?text=veritatis', '2023-06-29 19:28:26', '2023-06-29 19:28:26'),
(78, 'Chị. Bảo Khuê Đan', 'thi.huyen@yahoo.com', '1988-11-28', '0123350985', 'https://via.placeholder.com/640x480.png/00cc88?text=velit', '2023-06-29 19:28:26', '2023-06-29 19:28:26'),
(79, 'Kha Lam Nương', 'hien.dao@gmail.com', '1997-02-02', '0425521464', 'https://via.placeholder.com/640x480.png/0022dd?text=distinctio', '2023-06-29 19:28:26', '2023-06-29 19:28:26'),
(80, 'Cô. Bế Tuyết Huệ', 'chau17@gmail.com', '2003-09-18', '0902255649', 'https://via.placeholder.com/640x480.png/00bbdd?text=quasi', '2023-06-29 19:28:26', '2023-06-29 19:28:26'),
(81, 'Nhữ Dao', 'vu.doan@moc.biz.vn', '1991-10-21', '0548503246', 'https://via.placeholder.com/640x480.png/001122?text=repellat', '2023-06-29 19:28:26', '2023-06-29 19:28:26'),
(82, 'Bác. Văn Nhạn', 'sbao@luong.info', '1994-06-11', '0467490359', 'https://via.placeholder.com/640x480.png/00ee55?text=maiores', '2023-06-29 19:28:26', '2023-06-29 19:28:26'),
(83, 'Cù Quế', 'klam@le.com', '1999-12-06', '0499247779', 'https://via.placeholder.com/640x480.png/0077bb?text=magnam', '2023-06-29 19:28:26', '2023-06-29 19:28:26'),
(84, 'Yên Trúc', 'ybi@trinh.gov.vn', '2003-07-08', '0439484597', 'https://via.placeholder.com/640x480.png/00eeee?text=quasi', '2023-06-29 19:28:26', '2023-06-29 19:28:26'),
(85, 'Ông. Cung Khang Án', 'ty.ho@gmail.com', '2002-10-27', '0909757598', 'https://via.placeholder.com/640x480.png/00dd00?text=debitis', '2023-06-29 19:28:26', '2023-06-29 19:28:26'),
(86, 'Từ Đại Triệu', 'thuc38@nghi.int.vn', '1995-06-17', '0781971423', 'https://via.placeholder.com/640x480.png/005544?text=saepe', '2023-06-29 19:28:26', '2023-06-29 19:28:26'),
(87, 'Khưu Quế Chung', 'zkha@khu.mil.vn', '2003-08-29', '0374679084', 'https://via.placeholder.com/640x480.png/0077cc?text=qui', '2023-06-29 19:28:26', '2023-06-29 19:28:26'),
(88, 'Em. Lỳ Hòa Khánh', 'tham.bac@yahoo.com', '1991-11-08', '0473595253', 'https://via.placeholder.com/640x480.png/004444?text=ut', '2023-06-29 19:28:26', '2023-06-29 19:28:26'),
(89, 'Bì Thực', 'vo01@ha.health.vn', '2000-02-21', '0998032282', 'https://via.placeholder.com/640x480.png/002299?text=eaque', '2023-06-29 19:28:26', '2023-06-29 19:28:26'),
(90, 'Ma Nguyễn Đức', 'bbac@yahoo.com', '1997-05-30', '0465170542', 'https://via.placeholder.com/640x480.png/00ff22?text=molestias', '2023-06-29 19:28:26', '2023-06-29 19:28:26'),
(91, 'Bác. Tiếp Kiệt Vĩnh', 'ucan@yahoo.com', '2006-10-19', '0166488582', 'https://via.placeholder.com/640x480.png/00cc33?text=dolore', '2023-06-29 19:28:26', '2023-06-29 19:28:26'),
(92, 'Từ Du', 'chi.khu@khuc.com', '1999-09-03', '0421910654', 'https://via.placeholder.com/640x480.png/00dd88?text=mollitia', '2023-06-29 19:28:26', '2023-06-29 19:28:26'),
(93, 'Ông. An Quế', 'danh.dien@yahoo.com', '2004-04-21', '0168259132', 'https://via.placeholder.com/640x480.png/0033aa?text=iste', '2023-06-29 19:28:26', '2023-06-29 19:28:26'),
(94, 'Quản Lê Đình', 'uy.tang@hotmail.com', '1993-08-18', '0163926339', 'https://via.placeholder.com/640x480.png/005555?text=ea', '2023-06-29 19:28:27', '2023-06-29 19:28:27'),
(95, 'Em. Trang Thúc', 'qlai@ly.info', '2001-11-21', '0120499890', 'https://via.placeholder.com/640x480.png/000088?text=dolore', '2023-06-29 19:28:27', '2023-06-29 19:28:27'),
(96, 'Lỡ Thái Phụng', 'ydo@nhiem.com', '1990-09-16', '0166998895', 'https://via.placeholder.com/640x480.png/00ee22?text=tenetur', '2023-06-29 19:28:27', '2023-06-29 19:28:27'),
(97, 'Điền Diễm Phụng', 'linh.lai@han.com', '1994-10-26', '0631819515', 'https://via.placeholder.com/640x480.png/002266?text=eos', '2023-06-29 19:28:27', '2023-06-29 19:28:27'),
(98, 'Bác. Mang Cao Nhật', 'tiep.toan@lu.ac.vn', '2003-12-22', '0995603986', 'https://via.placeholder.com/640x480.png/0000ee?text=temporibus', '2023-06-29 19:28:27', '2023-06-29 19:28:27'),
(99, 'Biện Hoàn Đàn', 'san09@gmail.com', '1994-05-29', '0416899185', 'https://via.placeholder.com/640x480.png/008800?text=consectetur', '2023-06-29 19:28:27', '2023-06-29 19:28:27'),
(100, 'Bác. Trác Mạnh Bào', 'ma.khanh@khoa.vn', '2005-08-25', '0433559160', 'https://via.placeholder.com/640x480.png/0055cc?text=id', '2023-06-29 19:28:27', '2023-06-29 19:28:27'),
(101, 'Đổng Chiểu', 'khanh54@hinh.edu.vn', '1993-05-04', '0169607929', 'https://via.placeholder.com/640x480.png/000099?text=eveniet', '2023-06-29 19:28:27', '2023-06-29 19:28:27'),
(102, 'Em. Ấu Vũ', 'nhu.nhuan@tong.ac.vn', '1993-05-16', '0163676744', 'https://via.placeholder.com/640x480.png/0000cc?text=reprehenderit', '2023-06-29 19:28:27', '2023-06-29 19:28:27'),
(103, 'Anh. Vừ Bổng', 'lty@dao.vn', '1992-09-07', '0511562008', 'https://via.placeholder.com/640x480.png/004488?text=at', '2023-06-29 19:28:27', '2023-06-29 19:28:27'),
(104, 'Thôi Thường', 'chu.truc@giap.ac.vn', '1994-04-01', '0591512438', 'https://via.placeholder.com/640x480.png/004499?text=delectus', '2023-06-29 19:28:27', '2023-06-29 19:28:27'),
(105, 'Liễu Mi', 'trung.binh@hotmail.com', '1994-06-15', '0416259463', 'https://via.placeholder.com/640x480.png/004477?text=qui', '2023-06-29 19:28:27', '2023-06-29 19:28:27'),
(106, 'Ông. Thân Cường Từ', 'trung.quyen@tao.com', '1997-05-10', '0122390575', 'https://via.placeholder.com/640x480.png/006655?text=incidunt', '2023-06-29 19:28:27', '2023-06-29 19:28:27'),
(107, 'Đinh Ca', 'phuong48@yahoo.com', '2003-04-17', '0412131542', 'https://via.placeholder.com/640x480.png/00aabb?text=veniam', '2023-06-29 19:28:27', '2023-06-29 19:28:27'),
(108, 'Vừ Đình', 'hue51@hotmail.com', '1992-10-11', '0494960485', 'https://via.placeholder.com/640x480.png/00dd99?text=optio', '2023-06-29 19:28:27', '2023-06-29 19:28:27'),
(109, 'Vừ Ca', 'yen36@gmail.com', '1989-05-19', '0960644028', 'https://via.placeholder.com/640x480.png/006666?text=distinctio', '2023-06-29 19:28:27', '2023-06-29 19:28:27'),
(110, 'Chị. Bạch Huệ', 'thach52@vien.pro.vn', '1992-06-25', '0188995678', 'https://via.placeholder.com/640x480.png/001199?text=omnis', '2023-06-29 19:28:27', '2023-06-29 19:28:27'),
(111, 'Em. Yên Nhuận', 'sy41@yahoo.com', '1995-10-21', '0451186231', 'https://via.placeholder.com/640x480.png/00ff88?text=eum', '2023-06-29 19:28:27', '2023-06-29 19:28:27'),
(112, 'Vừ Đan', 'thien.giang@gmail.com', '1995-09-08', '0397369328', 'https://via.placeholder.com/640x480.png/00ee44?text=dolore', '2023-06-29 19:28:27', '2023-06-29 19:28:27'),
(113, 'Bác. Mang Phượng Giang', 'diep.duc@hotmail.com', '1992-03-30', '0437561710', 'https://via.placeholder.com/640x480.png/00cc66?text=qui', '2023-06-29 19:28:27', '2023-06-29 19:28:27'),
(114, 'Khổng Ngân Nhi', 'danh81@hua.edu.vn', '1994-01-30', '0753528334', 'https://via.placeholder.com/640x480.png/007722?text=ea', '2023-06-29 19:28:27', '2023-06-29 19:28:27'),
(115, 'Hà Đạt Huy', 'son.trieu@nguyen.net', '1991-11-22', '0473426672', 'https://via.placeholder.com/640x480.png/0000ee?text=omnis', '2023-06-29 19:28:27', '2023-06-29 19:28:27'),
(116, 'Ong Diệu', 'cbui@bien.int.vn', '2006-09-25', '0462831819', 'https://via.placeholder.com/640x480.png/00bb99?text=natus', '2023-06-29 19:28:27', '2023-06-29 19:28:27'),
(117, 'Cụ. Lạc Nghi', 'dan66@gmail.com', '1992-03-02', '0526415888', 'https://via.placeholder.com/640x480.png/00ddee?text=harum', '2023-06-29 19:28:27', '2023-06-29 19:28:27'),
(118, 'Đậu Dung', 'lac11@gmail.com', '2003-10-17', '0436668895', 'https://via.placeholder.com/640x480.png/00ff66?text=dolor', '2023-06-29 19:28:27', '2023-06-29 19:28:27'),
(119, 'Chị. Bế Mỹ Tuyền', 'cdai@man.com.vn', '1999-12-03', '0478004780', 'https://via.placeholder.com/640x480.png/00aadd?text=fuga', '2023-06-29 19:28:27', '2023-06-29 19:28:27'),
(120, 'Chú. Đậu Vu', 'nnham@su.health.vn', '1991-07-16', '0648468940', 'https://via.placeholder.com/640x480.png/0077ee?text=et', '2023-06-29 19:28:27', '2023-06-29 19:28:27'),
(121, 'Võ Đại Vịnh', 'uhong@yahoo.com', '2004-09-07', '0224956041', 'https://via.placeholder.com/640x480.png/0022aa?text=est', '2023-06-29 19:28:27', '2023-06-29 19:28:27'),
(122, 'Ông. Hán Mỹ', 'hoa.ngo@lo.org', '1996-03-26', '0944568650', 'https://via.placeholder.com/640x480.png/006600?text=et', '2023-06-29 19:28:27', '2023-06-29 19:28:27'),
(123, 'Thào Tâm', 'ccat@hotmail.com', '1997-09-01', '0416692401', 'https://via.placeholder.com/640x480.png/006600?text=est', '2023-06-29 19:28:27', '2023-06-29 19:28:27'),
(124, 'Bác. Đôn Lạc', 'udoan@gmail.com', '2006-01-02', '0595197779', 'https://via.placeholder.com/640x480.png/00eebb?text=minima', '2023-06-29 19:28:27', '2023-06-29 19:28:27'),
(125, 'Danh Dũng Kiệt', 'trac.lai@anh.com', '1999-07-16', '0462897104', 'https://via.placeholder.com/640x480.png/00eecc?text=qui', '2023-06-29 19:28:27', '2023-06-29 19:28:27'),
(126, 'Cụ. Ma Bổng', 'khai72@gmail.com', '1989-04-11', '0186068515', 'https://via.placeholder.com/640x480.png/001100?text=optio', '2023-06-29 19:28:27', '2023-06-29 19:28:27'),
(127, 'Bác. Doãn Quyền', 'vu00@yahoo.com', '2003-12-29', '0428042984', 'https://via.placeholder.com/640x480.png/005588?text=cupiditate', '2023-06-29 19:28:27', '2023-06-29 19:28:27'),
(128, 'Anh. Ân Khoa Hải', 'vu.hoc@hotmail.com', '1992-10-11', '0471132978', 'https://via.placeholder.com/640x480.png/0099aa?text=quos', '2023-06-29 19:28:27', '2023-06-29 19:28:27'),
(129, 'Giả Thiên', 'anh.quach@dinh.com', '2001-03-11', '0162957027', 'https://via.placeholder.com/640x480.png/00ff88?text=voluptatem', '2023-06-29 19:28:27', '2023-06-29 19:28:27'),
(130, 'Quách Bách Khánh', 'che.chuong@kieu.com', '2003-09-12', '0321269598', 'https://via.placeholder.com/640x480.png/00bbaa?text=sint', '2023-06-29 19:28:27', '2023-06-29 19:28:27'),
(131, 'Đổng Hiệp Khoa', 'hieu.doan@trieu.pro.vn', '1991-02-04', '0455865271', 'https://via.placeholder.com/640x480.png/008899?text=eum', '2023-06-29 19:28:27', '2023-06-29 19:28:27'),
(132, 'Tăng Độ', 'su90@trac.com', '1997-12-02', '0309054058', 'https://via.placeholder.com/640x480.png/0022cc?text=adipisci', '2023-06-29 19:28:27', '2023-06-29 19:28:27'),
(133, 'Lô Tú', 'phuong.tong@lo.com', '2000-04-03', '0959764278', 'https://via.placeholder.com/640x480.png/004400?text=earum', '2023-06-29 19:28:27', '2023-06-29 19:28:27'),
(134, 'Em. Bùi Kiệt Diệp', 'lo.ninh@hotmail.com', '1995-01-01', '0124689814', 'https://via.placeholder.com/640x480.png/00ffee?text=deleniti', '2023-06-29 19:28:27', '2023-06-29 19:28:27'),
(135, 'Giao Hải', 'an.quynh@vo.edu.vn', '1997-07-08', '0497314417', 'https://via.placeholder.com/640x480.png/0033bb?text=quia', '2023-06-29 19:28:27', '2023-06-29 19:28:27'),
(136, 'Cô. Doãn Thúy', 'an.trung@gmail.com', '1991-02-25', '0412073795', 'https://via.placeholder.com/640x480.png/00ccdd?text=et', '2023-06-29 19:28:27', '2023-06-29 19:28:27'),
(137, 'Cô. Trang Triệu Tuệ', 'cuc.thieu@gmail.com', '2006-11-07', '0432009266', 'https://via.placeholder.com/640x480.png/00ddff?text=aliquam', '2023-06-29 19:28:27', '2023-06-29 19:28:27'),
(138, 'Phương Danh Pháp', 'ha.ung@dinh.vn', '1992-07-03', '0710368754', 'https://via.placeholder.com/640x480.png/0033bb?text=molestiae', '2023-06-29 19:28:27', '2023-06-29 19:28:27'),
(139, 'Yên Hiếu Phú', 'vinh.che@ung.edu.vn', '1995-08-08', '0754500766', 'https://via.placeholder.com/640x480.png/00ddcc?text=odit', '2023-06-29 19:28:27', '2023-06-29 19:28:27'),
(140, 'Đổng Chương', 'nhan37@yahoo.com', '2001-06-30', '0465148680', 'https://via.placeholder.com/640x480.png/0088dd?text=dolor', '2023-06-29 19:28:27', '2023-06-29 19:28:27'),
(141, 'Bà. Bạch Đan Huệ', 'son.nham@hotmail.com', '1991-03-08', '0607027640', 'https://via.placeholder.com/640x480.png/007733?text=aspernatur', '2023-06-29 19:28:27', '2023-06-29 19:28:27'),
(142, 'Ông. Châu Khang', 'cam.vu@cam.info', '2005-03-20', '0412211822', 'https://via.placeholder.com/640x480.png/00ee00?text=architecto', '2023-06-29 19:28:27', '2023-06-29 19:28:27'),
(143, 'Ông. Tòng Vũ', 'tam.kim@hotmail.com', '2005-07-10', '0388901141', 'https://via.placeholder.com/640x480.png/004411?text=dolorem', '2023-06-29 19:28:27', '2023-06-29 19:28:27'),
(144, 'Trác Khương', 'dong.kha@cu.pro.vn', '1998-09-01', '0478111770', 'https://via.placeholder.com/640x480.png/0099dd?text=quia', '2023-06-29 19:28:27', '2023-06-29 19:28:27'),
(145, 'Bác. Trác Diệu Giao', 'que.hung@dinh.gov.vn', '1997-01-25', '0741338760', 'https://via.placeholder.com/640x480.png/0011ff?text=aliquid', '2023-06-29 19:28:27', '2023-06-29 19:28:27'),
(146, 'Bác. Đỗ Cam Ngân', 'hoang.la@ma.com', '1996-08-30', '0984322461', 'https://via.placeholder.com/640x480.png/00bbee?text=sit', '2023-06-29 19:28:27', '2023-06-29 19:28:27'),
(147, 'Khổng Từ Vy', 'khai23@yahoo.com', '1999-11-14', '0416723477', 'https://via.placeholder.com/640x480.png/00dd22?text=vitae', '2023-06-29 19:28:27', '2023-06-29 19:28:27'),
(148, 'Chú. Hình Lâm Linh', 'dinh.vong@cu.com', '1997-09-30', '0966149175', 'https://via.placeholder.com/640x480.png/0055ff?text=aperiam', '2023-06-29 19:28:27', '2023-06-29 19:28:27'),
(149, 'Mâu Lĩnh', 'chinh.ma@ngan.com', '2001-08-28', '0297590199', 'https://via.placeholder.com/640x480.png/00ee33?text=pariatur', '2023-06-29 19:28:27', '2023-06-29 19:28:27'),
(150, 'Bác. Tống Chiến', 'lam.lac@gmail.com', '1999-09-28', '0961358457', 'https://via.placeholder.com/640x480.png/004455?text=corrupti', '2023-06-29 19:28:27', '2023-06-29 19:28:27'),
(151, 'Anh. Hùng Khang Tiến', 'hau.chu@vo.com', '1994-09-16', '0438598886', 'https://via.placeholder.com/640x480.png/0022bb?text=quo', '2023-06-29 19:28:27', '2023-06-29 19:28:27'),
(152, 'Bác. Đan Vân Thêu', 'son.khanh@hoang.info', '1997-02-26', '0416839090', 'https://via.placeholder.com/640x480.png/0033cc?text=esse', '2023-06-29 19:28:27', '2023-06-29 19:28:27'),
(153, 'Cụ. Bạch Khuyến Hiếu', 'bac.thao@mac.vn', '2004-01-12', '0121036785', 'https://via.placeholder.com/640x480.png/0022ff?text=sit', '2023-06-29 19:28:27', '2023-06-29 19:28:27'),
(154, 'Hàn Hảo', 'duy91@hotmail.com', '2006-05-30', '0211221446', 'https://via.placeholder.com/640x480.png/00ee99?text=non', '2023-06-29 19:28:27', '2023-06-29 19:28:27'),
(155, 'Diệp Khánh', 'sieu29@le.health.vn', '1997-05-20', '0218393713', 'https://via.placeholder.com/640x480.png/00bbcc?text=dolore', '2023-06-29 19:28:27', '2023-06-29 19:28:27'),
(156, 'Bác. Ma Châu', 'chan.han@yahoo.com', '2000-01-28', '0432121278', 'https://via.placeholder.com/640x480.png/00cccc?text=non', '2023-06-29 19:28:27', '2023-06-29 19:28:27'),
(157, 'Anh. Kiều Hiếu', 'phuong02@gmail.com', '1991-12-15', '0458714533', 'https://via.placeholder.com/640x480.png/0033dd?text=quia', '2023-06-29 19:28:27', '2023-06-29 19:28:27'),
(158, 'Anh. Âu Phi Trụ', 'tien00@hotmail.com', '2004-08-27', '0125021090', 'https://via.placeholder.com/640x480.png/00bbbb?text=dignissimos', '2023-06-29 19:28:27', '2023-06-29 19:28:27'),
(159, 'Thi Dân', 'vy.chung@phan.vn', '1993-02-11', '0438580059', 'https://via.placeholder.com/640x480.png/004422?text=et', '2023-06-29 19:28:27', '2023-06-29 19:28:27'),
(160, 'Anh. Cù Hạo Hoàn', 'cuong58@ca.org', '1998-04-05', '0254002037', 'https://via.placeholder.com/640x480.png/004488?text=at', '2023-06-29 19:28:27', '2023-06-29 19:28:27'),
(161, 'Bá Tú Xuân', 'tue37@hua.edu.vn', '1998-12-14', '0428105145', 'https://via.placeholder.com/640x480.png/00dd11?text=maxime', '2023-06-29 19:28:27', '2023-06-29 19:28:27'),
(162, 'Em. Hoàng Ngọc', 'hau62@da.info.vn', '2005-01-20', '0710478089', 'https://via.placeholder.com/640x480.png/004499?text=non', '2023-06-29 19:28:27', '2023-06-29 19:28:27'),
(163, 'Bác. Kiều Thường', 'thanh.khoa@gmail.com', '1990-08-10', '0416660364', 'https://via.placeholder.com/640x480.png/0066ff?text=explicabo', '2023-06-29 19:28:27', '2023-06-29 19:28:27'),
(164, 'Cụ. Huỳnh Lai', 'tu88@gmail.com', '1994-10-17', '0281151225', 'https://via.placeholder.com/640x480.png/0077bb?text=id', '2023-06-29 19:28:27', '2023-06-29 19:28:27'),
(165, 'Bảo Dụng', 'htra@hotmail.com', '1996-10-20', '0618049649', 'https://via.placeholder.com/640x480.png/00aa22?text=officia', '2023-06-29 19:28:27', '2023-06-29 19:28:27'),
(166, 'Em. Cái Hành', 'truc98@cat.pro.vn', '1992-11-16', '0412898310', 'https://via.placeholder.com/640x480.png/00ff44?text=soluta', '2023-06-29 19:28:27', '2023-06-29 19:28:27'),
(167, 'Bác. Ninh Kiên Kim', 'dtrung@nghiem.com', '1994-12-17', '0218563923', 'https://via.placeholder.com/640x480.png/001122?text=consequatur', '2023-06-29 19:28:27', '2023-06-29 19:28:27'),
(168, 'Nguyễn Cát Tiển', 'fson@yahoo.com', '2003-06-27', '0255247244', 'https://via.placeholder.com/640x480.png/007755?text=aut', '2023-06-29 19:28:27', '2023-06-29 19:28:27'),
(169, 'Viên Ly', 'tong.hoa@pham.biz.vn', '2005-10-17', '0299142199', 'https://via.placeholder.com/640x480.png/004444?text=qui', '2023-06-29 19:28:27', '2023-06-29 19:28:27'),
(170, 'Bác. Võ Huynh', 'huong36@yahoo.com', '1990-09-07', '0710668301', 'https://via.placeholder.com/640x480.png/000066?text=nihil', '2023-06-29 19:28:27', '2023-06-29 19:28:27'),
(171, 'Cung Duyên Tiên', 'duong.tai@gmail.com', '2001-02-10', '0607983725', 'https://via.placeholder.com/640x480.png/00dddd?text=autem', '2023-06-29 19:28:27', '2023-06-29 19:28:27'),
(172, 'Bác. Bì Ái', 'bpham@hotmail.com', '1997-08-17', '0498067340', 'https://via.placeholder.com/640x480.png/0055cc?text=labore', '2023-06-29 19:28:27', '2023-06-29 19:28:27'),
(173, 'Cụ. Triệu Hoa', 'lai.anh@gmail.com', '1989-09-07', '0127035151', 'https://via.placeholder.com/640x480.png/001188?text=quam', '2023-06-29 19:28:27', '2023-06-29 19:28:27'),
(174, 'Cù Cương', 'lo.khue@hoa.org.vn', '2007-04-29', '0129276314', 'https://via.placeholder.com/640x480.png/0022ff?text=rem', '2023-06-29 19:28:27', '2023-06-29 19:28:27'),
(175, 'Hùng Hạnh', 'van.ai@yahoo.com', '2004-02-05', '0396369531', 'https://via.placeholder.com/640x480.png/008899?text=velit', '2023-06-29 19:28:27', '2023-06-29 19:28:27'),
(176, 'Ngô Lợi', 'lieu.yen@gmail.com', '2005-05-31', '0677190479', 'https://via.placeholder.com/640x480.png/00cc55?text=accusantium', '2023-06-29 19:28:27', '2023-06-29 19:28:27'),
(177, 'Cao Ngọc Kiện', 'vho@hotmail.com', '1999-10-10', '0219807524', 'https://via.placeholder.com/640x480.png/00eeaa?text=eos', '2023-06-29 19:28:27', '2023-06-29 19:28:27'),
(178, 'Tăng Vu', 'hong.duong@yahoo.com', '1994-06-25', '0416922676', 'https://via.placeholder.com/640x480.png/0011dd?text=laudantium', '2023-06-29 19:28:27', '2023-06-29 19:28:27'),
(179, 'Bác. Đàm Bình', 'xmac@xa.name.vn', '1989-06-04', '0476912313', 'https://via.placeholder.com/640x480.png/005500?text=similique', '2023-06-29 19:28:27', '2023-06-29 19:28:27'),
(180, 'Lục Kiều Ly', 'su.moc@gmail.com', '1997-06-23', '0437532898', 'https://via.placeholder.com/640x480.png/000000?text=quo', '2023-06-29 19:28:27', '2023-06-29 19:28:27'),
(181, 'Sử Giác', 'man83@thap.com', '1998-01-01', '0350294444', 'https://via.placeholder.com/640x480.png/004411?text=neque', '2023-06-29 19:28:27', '2023-06-29 19:28:27'),
(182, 'Anh. Lưu Phi Dụng', 'oanh96@le.gov.vn', '1995-01-31', '0416776788', 'https://via.placeholder.com/640x480.png/004400?text=cupiditate', '2023-06-29 19:28:27', '2023-06-29 19:28:27'),
(183, 'Ông. Âu Canh', 'gthao@bi.com', '1995-03-16', '0167875191', 'https://via.placeholder.com/640x480.png/0066dd?text=quas', '2023-06-29 19:28:27', '2023-06-29 19:28:27'),
(184, 'Cụ. Hùng Vàng Khê', 'hau22@gia.com', '2003-12-27', '0781848117', 'https://via.placeholder.com/640x480.png/00cccc?text=et', '2023-06-29 19:28:27', '2023-06-29 19:28:27'),
(185, 'Cụ. Đới Lạc Cảnh', 'thuc.thai@lai.com', '2007-04-18', '0412973543', 'https://via.placeholder.com/640x480.png/00eecc?text=omnis', '2023-06-29 19:28:27', '2023-06-29 19:28:27'),
(186, 'Chú. Tòng Vĩnh', 'slu@ha.com', '1991-02-12', '0478199505', 'https://via.placeholder.com/640x480.png/00cc99?text=est', '2023-06-29 19:28:27', '2023-06-29 19:28:27'),
(187, 'Trang Nhã Linh', 'phong.thieu@yahoo.com', '1995-02-03', '0416298794', 'https://via.placeholder.com/640x480.png/0055ff?text=rerum', '2023-06-29 19:28:27', '2023-06-29 19:28:27'),
(188, 'Cầm Khởi Trực', 'phung04@duong.biz.vn', '1993-11-12', '0463739685', 'https://via.placeholder.com/640x480.png/00eeaa?text=deserunt', '2023-06-29 19:28:27', '2023-06-29 19:28:27'),
(189, 'Cụ. Phương Bá Lương', 'pdong@hotmail.com', '1994-03-24', '0351021235', 'https://via.placeholder.com/640x480.png/00ddff?text=aliquam', '2023-06-29 19:28:27', '2023-06-29 19:28:27'),
(190, 'Cụ. Lều Thanh', 'lu.bao@dong.edu.vn', '1993-11-15', '0362112130', 'https://via.placeholder.com/640x480.png/002277?text=magnam', '2023-06-29 19:28:27', '2023-06-29 19:28:27'),
(191, 'Anh. Dương Định Tiến', 'choang@ha.com.vn', '2004-10-28', '0451167488', 'https://via.placeholder.com/640x480.png/0000bb?text=modi', '2023-06-29 19:28:27', '2023-06-29 19:28:27'),
(192, 'Quản Lam', 'van39@au.com', '2001-03-02', '0166053440', 'https://via.placeholder.com/640x480.png/0011dd?text=ipsam', '2023-06-29 19:28:27', '2023-06-29 19:28:27'),
(193, 'Vũ Hạnh Tài', 'dong07@hotmail.com', '2003-01-29', '0463370444', 'https://via.placeholder.com/640x480.png/009900?text=voluptatem', '2023-06-29 19:28:27', '2023-06-29 19:28:27'),
(194, 'Cụ. Ấu Anh Phượng', 'khanh.leu@gmail.com', '1992-03-28', '0428007584', 'https://via.placeholder.com/640x480.png/006600?text=laudantium', '2023-06-29 19:28:27', '2023-06-29 19:28:27'),
(195, 'Sử Đan', 'thien.tao@yahoo.com', '2001-06-20', '0467304096', 'https://via.placeholder.com/640x480.png/0077ee?text=omnis', '2023-06-29 19:28:27', '2023-06-29 19:28:27'),
(196, 'Anh. Khổng Hiệp Huấn', 'ytang@gmail.com', '1992-03-24', '0492889105', 'https://via.placeholder.com/640x480.png/00aadd?text=distinctio', '2023-06-29 19:28:27', '2023-06-29 19:28:27'),
(197, 'Vừ Cam Quân', 'dung21@gmail.com', '1989-04-15', '0165371170', 'https://via.placeholder.com/640x480.png/001122?text=atque', '2023-06-29 19:28:27', '2023-06-29 19:28:27'),
(198, 'Nhữ Phụng Thiện', 'huynh.xa@hotmail.com', '2001-03-17', '0465164333', 'https://via.placeholder.com/640x480.png/00aaee?text=tenetur', '2023-06-29 19:28:27', '2023-06-29 19:28:27'),
(199, 'Cô. Bá Tuệ', 'ngoc.lu@ta.biz.vn', '1993-04-11', '0591589043', 'https://via.placeholder.com/640x480.png/00dd66?text=vel', '2023-06-29 19:28:27', '2023-06-29 19:28:27'),
(200, 'Trịnh Khê', 'truong76@nhu.biz', '1996-12-01', '0490103800', 'https://via.placeholder.com/640x480.png/002222?text=sunt', '2023-06-29 19:28:27', '2023-06-29 19:28:27'),
(201, 'Bác. Kha Phương Trọng', 'ngo.ca@gmail.com', '1993-07-22', '0163319326', 'https://via.placeholder.com/640x480.png/0088ee?text=inventore', '2023-06-29 19:28:27', '2023-06-29 19:28:27'),
(202, 'Trịnh Duyên Hảo', 'tri97@ngan.com', '2003-06-06', '0241137976', 'https://via.placeholder.com/640x480.png/00bb77?text=id', '2023-06-29 19:28:27', '2023-06-29 19:28:27'),
(203, 'Chung Hành', 'acan@bac.info.vn', '2006-12-06', '0493235517', 'https://via.placeholder.com/640x480.png/002288?text=sequi', '2023-06-29 19:28:27', '2023-06-29 19:28:27'),
(204, 'Anh. Dương Bá Giác', 'cuc13@lu.com', '2000-09-19', '0439490475', 'https://via.placeholder.com/640x480.png/0099dd?text=velit', '2023-06-29 19:28:27', '2023-06-29 19:28:27'),
(205, 'Xa Dân', 'chu.chung@mau.com', '1993-02-18', '0663394639', 'https://via.placeholder.com/640x480.png/009933?text=aut', '2023-06-29 19:28:27', '2023-06-29 19:28:27'),
(206, 'Phí Bình', 'le.au@gmail.com', '2005-06-25', '0583917644', 'https://via.placeholder.com/640x480.png/0033cc?text=sequi', '2023-06-29 19:28:27', '2023-06-29 19:28:27'),
(207, 'Em. Ca Quân Hải', 'khanh.ung@dinh.com.vn', '1996-07-27', '0275631656', 'https://via.placeholder.com/640x480.png/00aa55?text=error', '2023-06-29 19:28:27', '2023-06-29 19:28:27'),
(208, 'Anh. Thiều Anh Hợp', 'tien.duong@nham.net.vn', '1996-11-08', '0462994287', 'https://via.placeholder.com/640x480.png/00ffbb?text=quidem', '2023-06-29 19:28:27', '2023-06-29 19:28:27'),
(209, 'Vi Kim Đức', 'ngo.cuong@gmail.com', '2001-06-18', '0651398564', 'https://via.placeholder.com/640x480.png/002200?text=aperiam', '2023-06-29 19:28:27', '2023-06-29 19:28:27'),
(210, 'Ông. Trình Vượng', 'theu.mac@phuong.org', '2007-05-25', '0478002069', 'https://via.placeholder.com/640x480.png/0099dd?text=consequatur', '2023-06-29 19:28:27', '2023-06-29 19:28:27'),
(211, 'Chú. Trưng Đăng', 'duc.tong@yahoo.com', '1996-12-02', '0280980526', 'https://via.placeholder.com/640x480.png/0077bb?text=aliquam', '2023-06-29 19:28:27', '2023-06-29 19:28:27'),
(212, 'Bác. Đoàn Lan Quỳnh', 'ong.uyen@hang.name.vn', '2002-12-23', '0165965467', 'https://via.placeholder.com/640x480.png/009944?text=consequuntur', '2023-06-29 19:28:27', '2023-06-29 19:28:27'),
(213, 'Em. Mã Kim Bích', 'che.hoai@gmail.com', '2004-04-21', '0351620195', 'https://via.placeholder.com/640x480.png/00ff55?text=temporibus', '2023-06-29 19:28:27', '2023-06-29 19:28:27'),
(214, 'Thập Hiền Vũ', 'tang.ca@yahoo.com', '1993-05-07', '0298521767', 'https://via.placeholder.com/640x480.png/00ff44?text=perspiciatis', '2023-06-29 19:28:27', '2023-06-29 19:28:27'),
(215, 'Văn Hùng', 'utrang@nong.biz.vn', '2007-05-04', '0485593259', 'https://via.placeholder.com/640x480.png/0055dd?text=sint', '2023-06-29 19:28:27', '2023-06-29 19:28:27'),
(216, 'Mẫn Phụng Nhân', 'ivan@yahoo.com', '1990-03-24', '0781994380', 'https://via.placeholder.com/640x480.png/0022ee?text=deleniti', '2023-06-29 19:28:27', '2023-06-29 19:28:27'),
(217, 'Bác. La Mạnh Sĩ', 'diem.lieu@ty.ac.vn', '2002-01-18', '0436075516', 'https://via.placeholder.com/640x480.png/00eecc?text=eius', '2023-06-29 19:28:27', '2023-06-29 19:28:27'),
(218, 'Em. Cát Quỳnh', 'sluu@ty.com', '2003-10-25', '0412362034', 'https://via.placeholder.com/640x480.png/009988?text=dolor', '2023-06-29 19:28:27', '2023-06-29 19:28:27'),
(219, 'Tôn Đoan', 'kiet.du@yahoo.com', '2002-07-15', '0490355873', 'https://via.placeholder.com/640x480.png/003399?text=repudiandae', '2023-06-29 19:28:27', '2023-06-29 19:28:27'),
(220, 'Bác. Hình Hiên', 'vy25@han.edu.vn', '2006-10-16', '0729130902', 'https://via.placeholder.com/640x480.png/00ddcc?text=ut', '2023-06-29 19:28:27', '2023-06-29 19:28:27'),
(221, 'Âu Hảo', 'igia@hotmail.com', '2004-12-19', '0495435831', 'https://via.placeholder.com/640x480.png/008833?text=quia', '2023-06-29 19:28:27', '2023-06-29 19:28:27'),
(222, 'Bác. Giả Mai', 'thien06@gmail.com', '1999-06-30', '0457813695', 'https://via.placeholder.com/640x480.png/0044ee?text=minima', '2023-06-29 19:28:27', '2023-06-29 19:28:27'),
(223, 'Đổng Bạch Đài', 'phi.hien@pho.info', '2000-05-14', '0471171509', 'https://via.placeholder.com/640x480.png/00bb22?text=dolores', '2023-06-29 19:28:27', '2023-06-29 19:28:27'),
(224, 'Tạ Sông Chi', 'leu.dan@gmail.com', '1989-01-02', '0264621198', 'https://via.placeholder.com/640x480.png/000044?text=facilis', '2023-06-29 19:28:27', '2023-06-29 19:28:27'),
(225, 'Bà. Cù Hương Ái', 'wdau@gmail.com', '2006-01-12', '0437490322', 'https://via.placeholder.com/640x480.png/00bbee?text=perspiciatis', '2023-06-29 19:28:27', '2023-06-29 19:28:27'),
(226, 'Cụ. Ung Lâm Triệu', 'bi.luong@tieu.int.vn', '1989-12-25', '0781691401', 'https://via.placeholder.com/640x480.png/0000ff?text=harum', '2023-06-29 19:28:27', '2023-06-29 19:28:27'),
(227, 'Em. Phí Linh Nguyệt', 'nham.phat@kha.net', '2002-09-04', '0633214890', 'https://via.placeholder.com/640x480.png/00ee88?text=consequatur', '2023-06-29 19:28:27', '2023-06-29 19:28:27'),
(228, 'Chị. Thạch Khánh Đường', 'ha.bach@dinh.biz.vn', '2006-12-28', '0437780302', 'https://via.placeholder.com/640x480.png/00aa11?text=quas', '2023-06-29 19:28:27', '2023-06-29 19:28:27'),
(229, 'Em. Ánh Sông Lan', 'trang.tra@cao.name.vn', '1998-11-12', '0562908248', 'https://via.placeholder.com/640x480.png/005511?text=praesentium', '2023-06-29 19:28:27', '2023-06-29 19:28:27'),
(230, 'Em. Vương Song Khuyên', 'van.hoc@chu.health.vn', '1992-01-08', '0466860588', 'https://via.placeholder.com/640x480.png/007700?text=suscipit', '2023-06-29 19:28:27', '2023-06-29 19:28:27'),
(231, 'Cam Hữu Nhân', 'elu@tang.org', '1995-12-21', '0606333496', 'https://via.placeholder.com/640x480.png/0066ff?text=similique', '2023-06-29 19:28:27', '2023-06-29 19:28:27'),
(232, 'Bình Kim Tâm', 'nham.dinh@nhu.net', '2000-07-20', '0594166168', 'https://via.placeholder.com/640x480.png/00ddee?text=tempora', '2023-06-29 19:28:27', '2023-06-29 19:28:27'),
(233, 'Thôi Hồng', 'hiep.ba@ha.edu.vn', '1997-11-10', '0429175111', 'https://via.placeholder.com/640x480.png/001188?text=suscipit', '2023-06-29 19:28:27', '2023-06-29 19:28:27'),
(234, 'Trương Thanh Bích', 'mac.khoi@hua.com', '2005-02-04', '0470517416', 'https://via.placeholder.com/640x480.png/00ffbb?text=facilis', '2023-06-29 19:28:27', '2023-06-29 19:28:27'),
(235, 'Anh. Lư Nhật', 'dat66@phung.biz', '2003-01-24', '0951562803', 'https://via.placeholder.com/640x480.png/0066bb?text=maiores', '2023-06-29 19:28:27', '2023-06-29 19:28:27'),
(236, 'Em. Thạch Kiều', 'loi.doi@hotmail.com', '2006-03-03', '0218776362', 'https://via.placeholder.com/640x480.png/001166?text=vel', '2023-06-29 19:28:27', '2023-06-29 19:28:27'),
(237, 'Em. Phan Thoa', 'bac.thuong@gmail.com', '1990-03-15', '0479834452', 'https://via.placeholder.com/640x480.png/0077aa?text=rerum', '2023-06-29 19:28:27', '2023-06-29 19:28:27'),
(238, 'Lý Ninh', 'nhan.khuu@xa.com', '2002-05-03', '0471075199', 'https://via.placeholder.com/640x480.png/00ee11?text=modi', '2023-06-29 19:28:27', '2023-06-29 19:28:27'),
(239, 'Giáp Trà', 'wdai@pho.info', '2003-11-14', '0438876038', 'https://via.placeholder.com/640x480.png/008822?text=enim', '2023-06-29 19:28:27', '2023-06-29 19:28:27'),
(240, 'Bác. Tòng Thúy', 'thuy.doi@yahoo.com', '1999-09-23', '0454729977', 'https://via.placeholder.com/640x480.png/00aaff?text=modi', '2023-06-29 19:28:27', '2023-06-29 19:28:27'),
(241, 'Mạc Đan', 'ekhuong@vu.com', '1995-12-22', '0488708080', 'https://via.placeholder.com/640x480.png/00bbbb?text=nisi', '2023-06-29 19:28:27', '2023-06-29 19:28:27'),
(242, 'Bác. Cù Đồng Thiện', 'trac.nhung@yahoo.com', '2007-06-11', '0210268602', 'https://via.placeholder.com/640x480.png/00ee22?text=unde', '2023-06-29 19:28:27', '2023-06-29 19:28:27'),
(243, 'Mai Nhân', 'hy.dieu@gmail.com', '2005-07-29', '0435016475', 'https://via.placeholder.com/640x480.png/00ff33?text=exercitationem', '2023-06-29 19:28:27', '2023-06-29 19:28:27'),
(244, 'Huỳnh Tuệ', 'gquan@yahoo.com', '2001-08-07', '0473794675', 'https://via.placeholder.com/640x480.png/0022bb?text=officiis', '2023-06-29 19:28:27', '2023-06-29 19:28:27'),
(245, 'Chú. Nông Giang Đan', 'duc84@lo.mil.vn', '1993-10-24', '0460439978', 'https://via.placeholder.com/640x480.png/00cc66?text=voluptas', '2023-06-29 19:28:27', '2023-06-29 19:28:27'),
(246, 'Chú. Thiều Toàn', 'tmac@hy.com', '1993-11-16', '0188390731', 'https://via.placeholder.com/640x480.png/009977?text=consequuntur', '2023-06-29 19:28:27', '2023-06-29 19:28:27'),
(247, 'Ông. Quách Hữu', 'da.khieu@hotmail.com', '2002-08-01', '0211482955', 'https://via.placeholder.com/640x480.png/007766?text=recusandae', '2023-06-29 19:28:27', '2023-06-29 19:28:27'),
(248, 'Ông. Bồ Nam Đạo', 'giang42@hotmail.com', '1992-08-11', '0421195723', 'https://via.placeholder.com/640x480.png/006633?text=possimus', '2023-06-29 19:28:27', '2023-06-29 19:28:27'),
(249, 'Em. An Huynh', 'thao.giao@hotmail.com', '2000-02-15', '0211499682', 'https://via.placeholder.com/640x480.png/007711?text=fugiat', '2023-06-29 19:28:27', '2023-06-29 19:28:27'),
(250, 'Em. Cái Đoan', 'kinh12@dam.vn', '1994-04-17', '0499674037', 'https://via.placeholder.com/640x480.png/000000?text=consequatur', '2023-06-29 19:28:27', '2023-06-29 19:28:27'),
(251, 'Âu Khuyên', 'ogiao@gmail.com', '1993-09-22', '0498187230', 'https://via.placeholder.com/640x480.png/00ff11?text=similique', '2023-06-29 19:28:27', '2023-06-29 19:28:27'),
(252, 'Em. Nông Hiền Miên', 'tra70@ong.ac.vn', '2006-08-12', '0780209746', 'https://via.placeholder.com/640x480.png/005544?text=blanditiis', '2023-06-29 19:28:27', '2023-06-29 19:28:27'),
(253, 'Lê Vi Tuyền', 'lam34@hotmail.com', '2007-02-17', '0474359466', 'https://via.placeholder.com/640x480.png/00ff00?text=accusantium', '2023-06-29 19:28:27', '2023-06-29 19:28:27'),
(254, 'Em. Lư Trúc Nhung', 'thai.danh@hotmail.com', '1993-06-14', '0416682510', 'https://via.placeholder.com/640x480.png/004488?text=harum', '2023-06-29 19:28:27', '2023-06-29 19:28:27'),
(255, 'Hàng Kiều Hiếu', 'ngan.han@yahoo.com', '1999-05-31', '0587920544', 'https://via.placeholder.com/640x480.png/0088dd?text=modi', '2023-06-29 19:28:27', '2023-06-29 19:28:27'),
(256, 'Lỡ Nhân Hào', 'cuong59@vi.com', '2002-10-28', '0476541242', 'https://via.placeholder.com/640x480.png/000011?text=vero', '2023-06-29 19:28:27', '2023-06-29 19:28:27'),
(257, 'Ấu Hạnh Yên', 'tam.uong@gmail.com', '2002-04-28', '0761590917', 'https://via.placeholder.com/640x480.png/0099dd?text=illum', '2023-06-29 19:28:27', '2023-06-29 19:28:27'),
(258, 'Tôn Tuệ', 'thoai38@gmail.com', '1992-11-23', '0661919667', 'https://via.placeholder.com/640x480.png/008877?text=harum', '2023-06-29 19:28:27', '2023-06-29 19:28:27'),
(259, 'Mạc Bắc', 'kieu72@tieu.info', '2004-08-05', '0412754890', 'https://via.placeholder.com/640x480.png/009999?text=maxime', '2023-06-29 19:28:27', '2023-06-29 19:28:27'),
(260, 'Hình Hùng', 'anh.banh@yahoo.com', '1993-03-07', '0661049399', 'https://via.placeholder.com/640x480.png/00dd77?text=quibusdam', '2023-06-29 19:28:27', '2023-06-29 19:28:27'),
(261, 'Mai Du', 'giac.kha@yahoo.com', '2001-02-23', '0510802408', 'https://via.placeholder.com/640x480.png/004422?text=quisquam', '2023-06-29 19:28:27', '2023-06-29 19:28:27'),
(262, 'Khương Tuệ Đường', 'ihan@hotmail.com', '1989-05-19', '0188421091', 'https://via.placeholder.com/640x480.png/008899?text=et', '2023-06-29 19:28:27', '2023-06-29 19:28:27'),
(263, 'Trần Trà Nữ', 'hy98@yahoo.com', '1994-10-29', '0412522768', 'https://via.placeholder.com/640x480.png/008822?text=quia', '2023-06-29 19:28:27', '2023-06-29 19:28:27'),
(264, 'Ung Tường', 'tra.lan@bo.com', '1988-12-26', '0684892112', 'https://via.placeholder.com/640x480.png/001177?text=et', '2023-06-29 19:28:27', '2023-06-29 19:28:27'),
(265, 'Tô Danh', 'don.toan@gmail.com', '1989-12-25', '0165145557', 'https://via.placeholder.com/640x480.png/00aa55?text=hic', '2023-06-29 19:28:27', '2023-06-29 19:28:27'),
(266, 'Bác. Khưu Đan Trúc', 'thuy08@hotmail.com', '2001-01-08', '0257245715', 'https://via.placeholder.com/640x480.png/00ee11?text=culpa', '2023-06-29 19:28:27', '2023-06-29 19:28:27'),
(267, 'Chú. Kha Nhuận', 'dinh.hieu@hotmail.com', '2003-06-11', '0416317592', 'https://via.placeholder.com/640x480.png/002288?text=voluptate', '2023-06-29 19:28:27', '2023-06-29 19:28:27'),
(268, 'Đới Đạt Thuận', 'dang.quoc@yahoo.com', '1992-11-13', '0383519527', 'https://via.placeholder.com/640x480.png/00dddd?text=expedita', '2023-06-29 19:28:27', '2023-06-29 19:28:27'),
(269, 'Cô. Cù Vy', 'dinh44@gmail.com', '1994-12-31', '0493671139', 'https://via.placeholder.com/640x480.png/00cc11?text=sed', '2023-06-29 19:28:27', '2023-06-29 19:28:27'),
(270, 'Cụ. Ty Phi', 'loi.ngan@yahoo.com', '1999-03-07', '0421006937', 'https://via.placeholder.com/640x480.png/0033bb?text=dolores', '2023-06-29 19:28:27', '2023-06-29 19:28:27'),
(271, 'Cụ. Lỡ Tuyền', 'cao.lam@son.int.vn', '2002-12-20', '0416740065', 'https://via.placeholder.com/640x480.png/009966?text=at', '2023-06-29 19:28:27', '2023-06-29 19:28:27'),
(272, 'Quản Đức Triều', 'dan29@cam.net', '1989-12-08', '0493340261', 'https://via.placeholder.com/640x480.png/00bb88?text=minima', '2023-06-29 19:28:27', '2023-06-29 19:28:27'),
(273, 'Em. Trương Định', 'han.trieu@yahoo.com', '1996-08-29', '0186567781', 'https://via.placeholder.com/640x480.png/003300?text=soluta', '2023-06-29 19:28:27', '2023-06-29 19:28:27'),
(274, 'Em. Bành Đức', 'kieu.nhuan@ca.com.vn', '1993-04-04', '0462289184', 'https://via.placeholder.com/640x480.png/00ddee?text=est', '2023-06-29 19:28:27', '2023-06-29 19:28:27'),
(275, 'Vũ Hạnh', 'luc.dong@gia.net', '1997-04-28', '0499737906', 'https://via.placeholder.com/640x480.png/009900?text=expedita', '2023-06-29 19:28:27', '2023-06-29 19:28:27'),
(276, 'Cô. Từ Sông Đan', 'ysu@nong.pro.vn', '2006-04-29', '0631722531', 'https://via.placeholder.com/640x480.png/005500?text=ea', '2023-06-29 19:28:27', '2023-06-29 19:28:27'),
(277, 'Chú. Thái Khắc Khang', 'hoai17@hotmail.com', '2004-02-17', '0463143663', 'https://via.placeholder.com/640x480.png/00ee99?text=sit', '2023-06-29 19:28:27', '2023-06-29 19:28:27'),
(278, 'Cô. Ánh Huệ', 'kim.sieu@son.com', '1992-11-15', '0628208442', 'https://via.placeholder.com/640x480.png/00aa11?text=sunt', '2023-06-29 19:28:27', '2023-06-29 19:28:27'),
(279, 'Cụ. Phi Thụy Khánh', 'qluong@kieu.net.vn', '1995-09-11', '0424072776', 'https://via.placeholder.com/640x480.png/0011cc?text=et', '2023-06-29 19:28:27', '2023-06-29 19:28:27'),
(280, 'Giả Liên Sa', 'vdu@hotmail.com', '1997-02-08', '0471133314', 'https://via.placeholder.com/640x480.png/0044aa?text=laudantium', '2023-06-29 19:28:27', '2023-06-29 19:28:27');
INSERT INTO `person` (`id`, `name`, `email`, `birthday`, `phone_number`, `image_link`, `created_at`, `updated_at`) VALUES
(281, 'Bà. Vừ Từ Lan', 'da.hien@hotmail.com', '2006-12-16', '0544961111', 'https://via.placeholder.com/640x480.png/0077cc?text=nam', '2023-06-29 19:28:27', '2023-06-29 19:28:27'),
(282, 'Cấn Dân', 'nhien58@lo.info.vn', '2001-01-23', '0729736676', 'https://via.placeholder.com/640x480.png/0033bb?text=magni', '2023-06-29 19:28:27', '2023-06-29 19:28:27'),
(283, 'Chị. Danh Phong Hường', 'tien.la@au.org', '2000-01-17', '0749264227', 'https://via.placeholder.com/640x480.png/00dd88?text=accusantium', '2023-06-29 19:28:27', '2023-06-29 19:28:27'),
(284, 'Mạc Di', 'phan.cuc@hotmail.com', '1992-07-25', '0280807644', 'https://via.placeholder.com/640x480.png/0022ff?text=nisi', '2023-06-29 19:28:27', '2023-06-29 19:28:27'),
(285, 'Quách Thoại', 'bang.huynh@hotmail.com', '1993-03-27', '0120361053', 'https://via.placeholder.com/640x480.png/0033ee?text=autem', '2023-06-29 19:28:27', '2023-06-29 19:28:27'),
(286, 'Chị. Khâu Hạ', 'le40@thinh.net', '1991-03-23', '0477319590', 'https://via.placeholder.com/640x480.png/002277?text=omnis', '2023-06-29 19:28:27', '2023-06-29 19:28:27'),
(287, 'Bà. Bồ Hoàng Xuyến', 'luong.loc@huynh.com', '1988-08-22', '0210358339', 'https://via.placeholder.com/640x480.png/0066ff?text=consequatur', '2023-06-29 19:28:27', '2023-06-29 19:28:27'),
(288, 'Tiêu Ân', 'cuong40@phi.net', '2003-03-16', '0458250343', 'https://via.placeholder.com/640x480.png/00bbcc?text=quasi', '2023-06-29 19:28:28', '2023-06-29 19:28:28'),
(289, 'Em. Bạc Đan', 'bi.hao@uong.com', '2005-08-17', '0421136149', 'https://via.placeholder.com/640x480.png/006666?text=quas', '2023-06-29 19:28:28', '2023-06-29 19:28:28'),
(290, 'Quản Lam', 'dong.su@khoa.com', '2001-11-06', '0465182740', 'https://via.placeholder.com/640x480.png/0044ee?text=voluptas', '2023-06-29 19:28:28', '2023-06-29 19:28:28'),
(291, 'Hàng Tài Võ', 'nhu.doan@hotmail.com', '1995-07-09', '0554721876', 'https://via.placeholder.com/640x480.png/00eeff?text=cupiditate', '2023-06-29 19:28:28', '2023-06-29 19:28:28'),
(292, 'Lỳ Cao Nhân', 'hcu@yahoo.com', '2005-10-22', '0412109784', 'https://via.placeholder.com/640x480.png/00dd99?text=error', '2023-06-29 19:28:28', '2023-06-29 19:28:28'),
(293, 'Cô. Dương Yến Mỹ', 'khoa.mach@yahoo.com', '1992-06-09', '0321890985', 'https://via.placeholder.com/640x480.png/0077ff?text=necessitatibus', '2023-06-29 19:28:28', '2023-06-29 19:28:28'),
(294, 'Thi Điền', 'lduong@gmail.com', '1993-01-06', '0510908911', 'https://via.placeholder.com/640x480.png/00ff11?text=esse', '2023-06-29 19:28:28', '2023-06-29 19:28:28'),
(295, 'Cự Hoán', 'ktrang@gmail.com', '2005-09-13', '0280473417', 'https://via.placeholder.com/640x480.png/002200?text=sed', '2023-06-29 19:28:28', '2023-06-29 19:28:28'),
(296, 'Quách Sương Bình', 'bong78@nguy.vn', '1993-11-06', '0392545592', 'https://via.placeholder.com/640x480.png/00cc44?text=enim', '2023-06-29 19:28:28', '2023-06-29 19:28:28'),
(297, 'Tào Vàng An', 'trung.lai@hoang.com', '1991-11-24', '0321673007', 'https://via.placeholder.com/640x480.png/00dd11?text=mollitia', '2023-06-29 19:28:28', '2023-06-29 19:28:28'),
(298, 'Hà Thiên', 'tham40@lo.com', '1995-02-24', '0437635033', 'https://via.placeholder.com/640x480.png/005555?text=enim', '2023-06-29 19:28:28', '2023-06-29 19:28:28'),
(299, 'Trang Kim', 'chi48@ma.info', '1998-02-13', '0351936795', 'https://via.placeholder.com/640x480.png/006622?text=tenetur', '2023-06-29 19:28:28', '2023-06-29 19:28:28'),
(300, 'Bùi Dũng', 'quang.bang@diep.com', '1989-05-21', '0739483214', 'https://via.placeholder.com/640x480.png/00cc99?text=voluptatem', '2023-06-29 19:28:28', '2023-06-29 19:28:28'),
(301, 'Liễu Diên Diễm', 'mau.duc@hotmail.com', '2000-12-05', '0164445233', 'https://via.placeholder.com/640x480.png/00ffaa?text=laborum', '2023-06-29 19:28:28', '2023-06-29 19:28:28'),
(302, 'Bác. Đan Khang Điền', 'doan.bao@gmail.com', '2006-03-19', '0416399652', 'https://via.placeholder.com/640x480.png/009911?text=eum', '2023-06-29 19:28:28', '2023-06-29 19:28:28'),
(303, 'Cô. Lô Khuê', 'dam.kiet@hong.com', '1999-06-14', '0490982328', 'https://via.placeholder.com/640x480.png/006622?text=ipsam', '2023-06-29 19:28:28', '2023-06-29 19:28:28'),
(304, 'Kim Đạo', 'lo.dung@hotmail.com', '1989-12-16', '0450096241', 'https://via.placeholder.com/640x480.png/00bbbb?text=id', '2023-06-29 19:28:28', '2023-06-29 19:28:28'),
(305, 'Lê Nhuận', 'sthieu@gmail.com', '1997-02-03', '0490956740', 'https://via.placeholder.com/640x480.png/003344?text=laboriosam', '2023-06-29 19:28:28', '2023-06-29 19:28:28'),
(306, 'An Đồng Thuận', 'khy@lu.biz.vn', '1998-01-23', '0633176502', 'https://via.placeholder.com/640x480.png/000033?text=consequatur', '2023-06-29 19:28:28', '2023-06-29 19:28:28'),
(307, 'Bà. Sơn Hạc Vọng', 'yla@chu.gov.vn', '1989-02-11', '0465195487', 'https://via.placeholder.com/640x480.png/0044bb?text=et', '2023-06-29 19:28:28', '2023-06-29 19:28:28'),
(308, 'Lâm Độ', 'tuong86@ong.name.vn', '2002-10-26', '0644824690', 'https://via.placeholder.com/640x480.png/00ee77?text=laboriosam', '2023-06-29 19:28:28', '2023-06-29 19:28:28'),
(309, 'Bác. Kha Huân Thái', 'trieu.khoa@an.ac.vn', '2007-05-10', '0439414100', 'https://via.placeholder.com/640x480.png/00ff88?text=tempora', '2023-06-29 19:28:28', '2023-06-29 19:28:28'),
(310, 'Ông. Ấu Bách Sỹ', 'yen34@yahoo.com', '1997-12-14', '0551338051', 'https://via.placeholder.com/640x480.png/002266?text=libero', '2023-06-29 19:28:28', '2023-06-29 19:28:28'),
(311, 'Ông. Tào Trụ', 'diep.la@tong.info.vn', '1989-03-21', '0780816441', 'https://via.placeholder.com/640x480.png/00ee11?text=nesciunt', '2023-06-29 19:28:28', '2023-06-29 19:28:28'),
(312, 'Bác. Phó Hàm Như', 'tang.nhan@bao.int.vn', '1991-07-11', '0478122203', 'https://via.placeholder.com/640x480.png/0088bb?text=quo', '2023-06-29 19:28:28', '2023-06-29 19:28:28'),
(313, 'Tạ Vi Thiện', 'huynh.tuyen@gmail.com', '1990-11-29', '0124357519', 'https://via.placeholder.com/640x480.png/00aaff?text=rem', '2023-06-29 19:28:28', '2023-06-29 19:28:28'),
(314, 'Hà Hương Ngọc', 'hoai.bui@leu.vn', '2001-12-02', '0478006640', 'https://via.placeholder.com/640x480.png/00ff66?text=enim', '2023-06-29 19:28:28', '2023-06-29 19:28:28'),
(315, 'Ông. Bành Linh', 'loc40@gmail.com', '1990-07-15', '0494967809', 'https://via.placeholder.com/640x480.png/0077ff?text=ut', '2023-06-29 19:28:28', '2023-06-29 19:28:28'),
(316, 'Yên Quý Sử', 'kkhuong@lam.ac.vn', '2007-06-05', '0997151779', 'https://via.placeholder.com/640x480.png/009900?text=consectetur', '2023-06-29 19:28:28', '2023-06-29 19:28:28'),
(317, 'Tòng Tiên', 'ihoang@gmail.com', '1994-02-28', '0619791526', 'https://via.placeholder.com/640x480.png/00ff88?text=distinctio', '2023-06-29 19:28:28', '2023-06-29 19:28:28'),
(318, 'Ông. Trà Cao Bảo', 'ngoc.doan@gmail.com', '1996-03-30', '0478100862', 'https://via.placeholder.com/640x480.png/00ee22?text=quas', '2023-06-29 19:28:28', '2023-06-29 19:28:28'),
(319, 'Lưu An', 'ky.khuu@yahoo.com', '2000-11-10', '0296423167', 'https://via.placeholder.com/640x480.png/00aacc?text=omnis', '2023-06-29 19:28:28', '2023-06-29 19:28:28'),
(320, 'Triệu Hạc Lộc', 'thanh.ngan@che.com', '1999-03-09', '0416789009', 'https://via.placeholder.com/640x480.png/00bb88?text=earum', '2023-06-29 19:28:28', '2023-06-29 19:28:28'),
(321, 'Anh. Viên Hòa Hảo', 'dan.dong@gmail.com', '2004-05-21', '0416218069', 'https://via.placeholder.com/640x480.png/000000?text=veritatis', '2023-06-29 19:28:28', '2023-06-29 19:28:28'),
(322, 'Cụ. Thiều Chính Nhiên', 'duong47@yahoo.com', '2006-02-13', '0367012055', 'https://via.placeholder.com/640x480.png/00cc33?text=voluptatibus', '2023-06-29 19:28:28', '2023-06-29 19:28:28'),
(323, 'Thào Kiều', 'phu22@yahoo.com', '1990-12-06', '0412776716', 'https://via.placeholder.com/640x480.png/004411?text=reiciendis', '2023-06-29 19:28:28', '2023-06-29 19:28:28'),
(324, 'Văn Diệu Kiều', 'lquan@hotmail.com', '1999-09-17', '0644792478', 'https://via.placeholder.com/640x480.png/00dd11?text=accusantium', '2023-06-29 19:28:28', '2023-06-29 19:28:28'),
(325, 'Em. Lô Quang Thạch', 'xuan13@gmail.com', '1992-03-20', '0166481063', 'https://via.placeholder.com/640x480.png/000000?text=et', '2023-06-29 19:28:28', '2023-06-29 19:28:28'),
(326, 'Lạc Hướng Giác', 'cam.ca@hotmail.com', '2003-12-14', '0444844127', 'https://via.placeholder.com/640x480.png/004444?text=repellendus', '2023-06-29 19:28:28', '2023-06-29 19:28:28'),
(327, 'Chú. Bàng Hoài Quyền', 'tuyen77@bien.edu.vn', '1993-09-26', '0623324967', 'https://via.placeholder.com/640x480.png/00aa22?text=est', '2023-06-29 19:28:28', '2023-06-29 19:28:28'),
(328, 'Giao Thục', 'ila@hotmail.com', '2007-02-24', '0675674664', 'https://via.placeholder.com/640x480.png/00eebb?text=tenetur', '2023-06-29 19:28:28', '2023-06-29 19:28:28'),
(329, 'Bạch Hoa', 'trang.bang@danh.biz.vn', '1999-04-05', '0231670431', 'https://via.placeholder.com/640x480.png/000088?text=labore', '2023-06-29 19:28:28', '2023-06-29 19:28:28'),
(330, 'Em. Thôi Bảo', 'an89@than.net.vn', '2000-11-10', '0279624507', 'https://via.placeholder.com/640x480.png/00ff33?text=id', '2023-06-29 19:28:28', '2023-06-29 19:28:28'),
(331, 'Đàm Lập', 'chinh30@gmail.com', '2005-04-10', '0122736711', 'https://via.placeholder.com/640x480.png/00ee22?text=maxime', '2023-06-29 19:28:28', '2023-06-29 19:28:28'),
(332, 'Chú. Lỳ Bá Thuận', 'loan99@gmail.com', '2002-09-20', '0412710019', 'https://via.placeholder.com/640x480.png/00cc66?text=nobis', '2023-06-29 19:28:28', '2023-06-29 19:28:28'),
(333, 'Đổng Đạo', 'hoang.vong@yahoo.com', '2003-03-04', '0471147023', 'https://via.placeholder.com/640x480.png/002266?text=dignissimos', '2023-06-29 19:28:28', '2023-06-29 19:28:28'),
(334, 'Trần Khánh Vy', 'ngo.phung@hotmail.com', '1999-09-18', '0423115097', 'https://via.placeholder.com/640x480.png/00dd11?text=tempore', '2023-06-29 19:28:28', '2023-06-29 19:28:28'),
(335, 'Cụ. La Toản', 'xa.hien@hotmail.com', '1995-05-06', '0703345522', 'https://via.placeholder.com/640x480.png/00ddff?text=optio', '2023-06-29 19:28:28', '2023-06-29 19:28:28'),
(336, 'Ông. Mâu Chưởng', 'di.luc@hotmail.com', '2005-07-09', '0472049769', 'https://via.placeholder.com/640x480.png/004422?text=aut', '2023-06-29 19:28:28', '2023-06-29 19:28:28'),
(337, 'Bác. Khưu Triệu Đan', 'ha.tung@gmail.com', '1994-01-08', '0186629144', 'https://via.placeholder.com/640x480.png/000077?text=commodi', '2023-06-29 19:28:28', '2023-06-29 19:28:28'),
(338, 'Cụ. Bá Thụy Hải', 'gninh@giang.com.vn', '1990-02-23', '0429470227', 'https://via.placeholder.com/640x480.png/00bb22?text=ut', '2023-06-29 19:28:28', '2023-06-29 19:28:28'),
(339, 'Lã Thanh', 'fphuong@lo.biz.vn', '1995-12-12', '0435114852', 'https://via.placeholder.com/640x480.png/0000dd?text=quae', '2023-06-29 19:28:28', '2023-06-29 19:28:28'),
(340, 'Bà. Điền Hảo', 'obao@dau.org', '1994-10-07', '0635810321', 'https://via.placeholder.com/640x480.png/003355?text=quis', '2023-06-29 19:28:28', '2023-06-29 19:28:28'),
(341, 'Đoàn Thanh Hảo', 'co.nga@han.biz.vn', '2002-02-09', '0421913412', 'https://via.placeholder.com/640x480.png/00aa66?text=occaecati', '2023-06-29 19:28:28', '2023-06-29 19:28:28'),
(342, 'Ông. Trưng Quảng Sĩ', 'vi.xa@gmail.com', '2000-03-12', '0453409141', 'https://via.placeholder.com/640x480.png/00cccc?text=aperiam', '2023-06-29 19:28:28', '2023-06-29 19:28:28'),
(343, 'Cụ. Cù Dạ Thuần', 'man.cu@hotmail.com', '1990-12-17', '0127095025', 'https://via.placeholder.com/640x480.png/00bbaa?text=quia', '2023-06-29 19:28:28', '2023-06-29 19:28:28'),
(344, 'Bà. Khâu Nga', 'vien.tan@nham.org.vn', '2004-02-17', '0456815656', 'https://via.placeholder.com/640x480.png/0077ff?text=quam', '2023-06-29 19:28:28', '2023-06-29 19:28:28'),
(345, 'Lưu Thái Dương', 'ly.an@son.pro.vn', '2004-02-20', '0431005812', 'https://via.placeholder.com/640x480.png/00dd33?text=tempore', '2023-06-29 19:28:28', '2023-06-29 19:28:28'),
(346, 'Phí Thanh Thanh', 'au.quynh@hotmail.com', '1995-09-13', '0463270684', 'https://via.placeholder.com/640x480.png/0066dd?text=omnis', '2023-06-29 19:28:28', '2023-06-29 19:28:28'),
(347, 'Ánh Chấn Kha', 'phat52@yahoo.com', '1998-01-27', '0703164774', 'https://via.placeholder.com/640x480.png/0077aa?text=saepe', '2023-06-29 19:28:28', '2023-06-29 19:28:28'),
(348, 'Hồ Quỳnh Thùy', 'esu@hotmail.com', '1993-09-23', '0511952651', 'https://via.placeholder.com/640x480.png/00ccaa?text=illum', '2023-06-29 19:28:28', '2023-06-29 19:28:28'),
(349, 'Cụ. Hồng Nhân', 'danh37@nhiem.net.vn', '1995-02-27', '0186850626', 'https://via.placeholder.com/640x480.png/001144?text=ut', '2023-06-29 19:28:28', '2023-06-29 19:28:28'),
(350, 'Cụ. Bì Khuê Duyên', 'ta.vinh@hotmail.com', '1989-02-06', '0428189906', 'https://via.placeholder.com/640x480.png/007744?text=enim', '2023-06-29 19:28:28', '2023-06-29 19:28:28'),
(351, 'Tông Hòa', 'nghi.duong@pham.info.vn', '2002-09-27', '0412311239', 'https://via.placeholder.com/640x480.png/0044cc?text=possimus', '2023-06-29 19:28:28', '2023-06-29 19:28:28'),
(352, 'Cụ. Kim Bảo', 'bi.suong@ma.com', '1998-12-05', '0498483881', 'https://via.placeholder.com/640x480.png/00cc66?text=deserunt', '2023-06-29 19:28:28', '2023-06-29 19:28:28'),
(353, 'Bà. Cam Tường Diệu', 'my78@co.com.vn', '1994-03-21', '0436693728', 'https://via.placeholder.com/640x480.png/0022ee?text=odio', '2023-06-29 19:28:28', '2023-06-29 19:28:28'),
(354, 'Bác. Chung Tiên Trúc', 'rhong@yahoo.com', '1991-02-24', '0781689424', 'https://via.placeholder.com/640x480.png/0022ff?text=cumque', '2023-06-29 19:28:28', '2023-06-29 19:28:28'),
(355, 'Chị. Bồ Thủy Vọng', 'moc.khoa@do.com.vn', '1993-09-09', '0615644887', 'https://via.placeholder.com/640x480.png/009944?text=magnam', '2023-06-29 19:28:28', '2023-06-29 19:28:28'),
(356, 'Đồng Hào Hỷ', 'dman@hotmail.com', '2001-05-18', '0432094301', 'https://via.placeholder.com/640x480.png/003300?text=expedita', '2023-06-29 19:28:28', '2023-06-29 19:28:28'),
(357, 'Huỳnh Bằng Thiện', 'sang02@nghi.vn', '2001-11-07', '0241668056', 'https://via.placeholder.com/640x480.png/00ee44?text=eaque', '2023-06-29 19:28:28', '2023-06-29 19:28:28'),
(358, 'Bác. Dương Lưu Nhàn', 'wlai@gmail.com', '2002-12-04', '0451035228', 'https://via.placeholder.com/640x480.png/00ee33?text=sint', '2023-06-29 19:28:28', '2023-06-29 19:28:28'),
(359, 'Bác. Thạch Mộng Bảo', 'thuan.lac@gmail.com', '2005-07-23', '0711276865', 'https://via.placeholder.com/640x480.png/000033?text=eos', '2023-06-29 19:28:28', '2023-06-29 19:28:28'),
(360, 'Anh. Ân Lam Sỹ', 'nhuan32@hotmail.com', '1989-11-09', '0704839899', 'https://via.placeholder.com/640x480.png/004455?text=consequatur', '2023-06-29 19:28:28', '2023-06-29 19:28:28'),
(361, 'Bà. Mâu Phượng Phụng', 'thuong.lo@hotmail.com', '1988-09-07', '0451105519', 'https://via.placeholder.com/640x480.png/0022ee?text=ut', '2023-06-29 19:28:28', '2023-06-29 19:28:28'),
(362, 'Cái Hiểu Vĩ', 'dquan@hotmail.com', '1991-01-27', '0465136226', 'https://via.placeholder.com/640x480.png/00bbbb?text=neque', '2023-06-29 19:28:28', '2023-06-29 19:28:28'),
(363, 'Cụ. Trưng Diệp', 'diem.thao@gmail.com', '1999-11-12', '0909878234', 'https://via.placeholder.com/640x480.png/0066dd?text=asperiores', '2023-06-29 19:28:28', '2023-06-29 19:28:28'),
(364, 'Ân Quốc', 'vuong.khiem@phung.com', '1992-03-12', '0123934836', 'https://via.placeholder.com/640x480.png/005566?text=qui', '2023-06-29 19:28:28', '2023-06-29 19:28:28'),
(365, 'Bế Thủy', 'itra@hotmail.com', '1990-02-04', '0162601307', 'https://via.placeholder.com/640x480.png/00bb44?text=voluptas', '2023-06-29 19:28:28', '2023-06-29 19:28:28'),
(366, 'Bác. Thập Quang Nghị', 'fchu@gmail.com', '1998-07-07', '0122834200', 'https://via.placeholder.com/640x480.png/000077?text=inventore', '2023-06-29 19:28:28', '2023-06-29 19:28:28'),
(367, 'Vương Oanh', 'khu.nghi@hotmail.com', '1999-12-06', '0491750048', 'https://via.placeholder.com/640x480.png/001100?text=sit', '2023-06-29 19:28:28', '2023-06-29 19:28:28'),
(368, 'Cù Diễm Loan', 'luu.ngon@hotmail.com', '2002-03-31', '0477310762', 'https://via.placeholder.com/640x480.png/004444?text=porro', '2023-06-29 19:28:28', '2023-06-29 19:28:28'),
(369, 'Chị. Lều Khánh Quyên', 'thien.duong@tiep.info', '2006-03-27', '0666662567', 'https://via.placeholder.com/640x480.png/00cc99?text=non', '2023-06-29 19:28:28', '2023-06-29 19:28:28'),
(370, 'Nhâm Đoan Khai', 'ty.nghiem@danh.com', '1990-03-25', '0460912154', 'https://via.placeholder.com/640x480.png/003311?text=id', '2023-06-29 19:28:28', '2023-06-29 19:28:28'),
(371, 'Cụ. Ngô Hoán', 'thuy.cu@phuong.com', '1994-11-11', '0536377957', 'https://via.placeholder.com/640x480.png/00ffcc?text=vel', '2023-06-29 19:28:28', '2023-06-29 19:28:28'),
(372, 'Mang Chấn Đồng', 'tien.chau@gmail.com', '1995-08-22', '0455083492', 'https://via.placeholder.com/640x480.png/00ee22?text=assumenda', '2023-06-29 19:28:28', '2023-06-29 19:28:28'),
(373, 'Em. Cấn Trực', 'pkha@lo.gov.vn', '2005-08-28', '0461926896', 'https://via.placeholder.com/640x480.png/005511?text=adipisci', '2023-06-29 19:28:28', '2023-06-29 19:28:28'),
(374, 'Em. Lý Phương', 'nha17@ninh.pro.vn', '1997-04-04', '0320304796', 'https://via.placeholder.com/640x480.png/00ff44?text=error', '2023-06-29 19:28:28', '2023-06-29 19:28:28'),
(375, 'Lương Thu Lan', 'man73@hoa.biz.vn', '1992-11-01', '0456096152', 'https://via.placeholder.com/640x480.png/008888?text=aperiam', '2023-06-29 19:28:28', '2023-06-29 19:28:28'),
(376, 'Khoa Hồ Khánh', 'ba.phuoc@hotmail.com', '1989-08-31', '0167464283', 'https://via.placeholder.com/640x480.png/008800?text=itaque', '2023-06-29 19:28:28', '2023-06-29 19:28:28'),
(377, 'Ty Hạc Vỹ', 'liem.luc@gmail.com', '2004-01-28', '0166842265', 'https://via.placeholder.com/640x480.png/00ccff?text=dignissimos', '2023-06-29 19:28:28', '2023-06-29 19:28:28'),
(378, 'Chú. Thái Chương', 'hien.giap@vien.com', '2000-05-14', '0382299890', 'https://via.placeholder.com/640x480.png/001155?text=facilis', '2023-06-29 19:28:28', '2023-06-29 19:28:28'),
(379, 'Cung Chi Đàn', 'xuan.lieu@lu.org', '2003-02-08', '0555966855', 'https://via.placeholder.com/640x480.png/008855?text=aut', '2023-06-29 19:28:28', '2023-06-29 19:28:28'),
(380, 'Bá Công', 'trang.nong@hotmail.com', '1996-10-30', '0472532521', 'https://via.placeholder.com/640x480.png/002233?text=ut', '2023-06-29 19:28:28', '2023-06-29 19:28:28'),
(381, 'Phùng Thủy Nương', 'san60@bui.name.vn', '1988-07-06', '0382441600', 'https://via.placeholder.com/640x480.png/0044dd?text=odio', '2023-06-29 19:28:28', '2023-06-29 19:28:28'),
(382, 'Cổ Thiện Thư', 'tho.phi@khoa.health.vn', '2004-08-16', '0497384088', 'https://via.placeholder.com/640x480.png/0000dd?text=voluptatem', '2023-06-29 19:28:28', '2023-06-29 19:28:28'),
(383, 'Chị. Hạ Thanh Trân', 'thien.hoa@hotmail.com', '2000-05-16', '0166887321', 'https://via.placeholder.com/640x480.png/0011cc?text=rerum', '2023-06-29 19:28:28', '2023-06-29 19:28:28'),
(384, 'Thôi Phương Đoàn', 'tuyen.cu@vi.org.vn', '2004-05-28', '0302688411', 'https://via.placeholder.com/640x480.png/005555?text=eos', '2023-06-29 19:28:28', '2023-06-29 19:28:28'),
(385, 'Em. Nghị Chấn Ngân', 'thien22@ngan.com', '1993-04-18', '0129317531', 'https://via.placeholder.com/640x480.png/0055aa?text=qui', '2023-06-29 19:28:28', '2023-06-29 19:28:28'),
(386, 'Ân Diệp Giao', 'sinh.phan@gmail.com', '1988-12-12', '0211308326', 'https://via.placeholder.com/640x480.png/00dd22?text=saepe', '2023-06-29 19:28:28', '2023-06-29 19:28:28'),
(387, 'Yên Kiên', 'thuong95@hotmail.com', '1995-05-04', '0210542522', 'https://via.placeholder.com/640x480.png/00cccc?text=natus', '2023-06-29 19:28:28', '2023-06-29 19:28:28'),
(388, 'Cụ. Ty Thủy', 'tu38@chung.pro.vn', '2004-05-23', '0593650169', 'https://via.placeholder.com/640x480.png/00bbdd?text=cum', '2023-06-29 19:28:28', '2023-06-29 19:28:28'),
(389, 'Ông. Lý Kiệt', 'skhuu@yahoo.com', '1991-08-04', '0471079813', 'https://via.placeholder.com/640x480.png/009933?text=aut', '2023-06-29 19:28:28', '2023-06-29 19:28:28'),
(390, 'Em. Đái Hồng Uy', 'khai92@gmail.com', '1992-09-14', '0526244424', 'https://via.placeholder.com/640x480.png/006600?text=est', '2023-06-29 19:28:28', '2023-06-29 19:28:28'),
(391, 'Giáp Kiên Bằng', 'cat82@hotmail.com', '2006-10-09', '0166534546', 'https://via.placeholder.com/640x480.png/00ffcc?text=doloremque', '2023-06-29 19:28:28', '2023-06-29 19:28:28'),
(392, 'Đỗ Hiền Sinh', 'vy95@hotmail.com', '2006-01-13', '0464573393', 'https://via.placeholder.com/640x480.png/00bb44?text=eos', '2023-06-29 19:28:28', '2023-06-29 19:28:28'),
(393, 'Anh. Diệp Vương', 'khuyen35@cao.com', '2007-06-26', '0416904549', 'https://via.placeholder.com/640x480.png/007722?text=recusandae', '2023-06-29 19:28:28', '2023-06-29 19:28:28'),
(394, 'Cô. Lục Đan', 'chuong.lan@can.info.vn', '1989-07-17', '0412917210', 'https://via.placeholder.com/640x480.png/001111?text=similique', '2023-06-29 19:28:28', '2023-06-29 19:28:28'),
(395, 'Chị. Lưu Diệp', 'dao58@hotmail.com', '2002-10-31', '0460554845', 'https://via.placeholder.com/640x480.png/00ffee?text=placeat', '2023-06-29 19:28:28', '2023-06-29 19:28:28'),
(396, 'Diêm Hoàng Lễ', 'khau.ngon@doi.com', '1992-12-29', '0474041704', 'https://via.placeholder.com/640x480.png/0066ee?text=sequi', '2023-06-29 19:28:28', '2023-06-29 19:28:28'),
(397, 'Cấn Kiên', 'y.han@gmail.com', '1991-07-03', '0412335419', 'https://via.placeholder.com/640x480.png/00ccee?text=nihil', '2023-06-29 19:28:28', '2023-06-29 19:28:28'),
(398, 'Đôn Đình', 'thien61@gmail.com', '1994-10-13', '0455884140', 'https://via.placeholder.com/640x480.png/00ee77?text=ipsa', '2023-06-29 19:28:28', '2023-06-29 19:28:28'),
(399, 'Em. Phi Hoàn', 'phan@co.net.vn', '2001-08-04', '0421074369', 'https://via.placeholder.com/640x480.png/001133?text=nihil', '2023-06-29 19:28:28', '2023-06-29 19:28:28'),
(400, 'Chú. Lâm Trạch', 'hoan.ma@phan.info', '2001-07-05', '0499061446', 'https://via.placeholder.com/640x480.png/00ee22?text=fuga', '2023-06-29 19:28:28', '2023-06-29 19:28:28'),
(401, 'Khu Chuẩn Hòa', 'khue53@yahoo.com', '2006-01-25', '0231369830', 'https://via.placeholder.com/640x480.png/007777?text=perspiciatis', '2023-06-29 19:28:28', '2023-06-29 19:28:28'),
(402, 'Em. Mẫn Đài Uyên', 'ichau@gmail.com', '2002-07-12', '0650918562', 'https://via.placeholder.com/640x480.png/0011dd?text=nisi', '2023-06-29 19:28:28', '2023-06-29 19:28:28'),
(403, 'Tăng Hảo Bạch', 'phan.thi@hotmail.com', '1992-09-16', '0199408182', 'https://via.placeholder.com/640x480.png/003333?text=optio', '2023-06-29 19:28:28', '2023-06-29 19:28:28'),
(404, 'Cụ. Hàng Giáng Chinh', 'llac@anh.com', '1991-08-24', '0500891472', 'https://via.placeholder.com/640x480.png/0066dd?text=aut', '2023-06-29 19:28:28', '2023-06-29 19:28:28'),
(405, 'Điền Cầm', 'cuong.thieu@phan.name.vn', '1992-02-27', '0280975845', 'https://via.placeholder.com/640x480.png/0011bb?text=ut', '2023-06-29 19:28:28', '2023-06-29 19:28:28'),
(406, 'Bác. Nhâm Vĩ', 'zmoc@khuu.biz', '1992-02-01', '0416910358', 'https://via.placeholder.com/640x480.png/008888?text=eveniet', '2023-06-29 19:28:28', '2023-06-29 19:28:28'),
(407, 'Bà. Tăng Túy Giao', 'do.dai@yahoo.com', '1992-02-05', '0350165965', 'https://via.placeholder.com/640x480.png/00aa77?text=odit', '2023-06-29 19:28:28', '2023-06-29 19:28:28'),
(408, 'Chị. An Đoan', 'tu32@gmail.com', '2000-10-07', '0957201049', 'https://via.placeholder.com/640x480.png/00ccee?text=ab', '2023-06-29 19:28:28', '2023-06-29 19:28:28'),
(409, 'Cụ. Chử Dung', 'duong.ta@yahoo.com', '2004-09-12', '0251314151', 'https://via.placeholder.com/640x480.png/00cc66?text=sit', '2023-06-29 19:28:28', '2023-06-29 19:28:28'),
(410, 'Cụ. Trưng Yến', 'ly.dau@hotmail.com', '1995-12-26', '0510458621', 'https://via.placeholder.com/640x480.png/008844?text=expedita', '2023-06-29 19:28:28', '2023-06-29 19:28:28'),
(411, 'Chị. Tống Tuệ Chiêu', 'thoi.an@vu.name.vn', '2003-05-25', '0476401631', 'https://via.placeholder.com/640x480.png/0055cc?text=qui', '2023-06-29 19:28:28', '2023-06-29 19:28:28'),
(412, 'Ông. Châu Kính', 'kiem.kim@dinh.com', '2004-03-31', '0412613448', 'https://via.placeholder.com/640x480.png/003344?text=sunt', '2023-06-29 19:28:28', '2023-06-29 19:28:28'),
(413, 'Bà. Trà Thanh', 'snhiem@danh.health.vn', '2003-09-14', '0498817918', 'https://via.placeholder.com/640x480.png/0077ee?text=et', '2023-06-29 19:28:28', '2023-06-29 19:28:28'),
(414, 'Cụ. Cao Kiều Thuận', 'bang.doan@lo.edu.vn', '1998-10-23', '0581239670', 'https://via.placeholder.com/640x480.png/00ff55?text=reiciendis', '2023-06-29 19:28:28', '2023-06-29 19:28:28'),
(415, 'Thôi Lệ Mẫn', 'ba.phung@mai.net.vn', '1998-04-26', '0500619191', 'https://via.placeholder.com/640x480.png/0000ee?text=repellendus', '2023-06-29 19:28:28', '2023-06-29 19:28:28'),
(416, 'Nguyễn Phụng', 'su.nguy@gmail.com', '2000-05-31', '0977321086', 'https://via.placeholder.com/640x480.png/00ff22?text=nobis', '2023-06-29 19:28:28', '2023-06-29 19:28:28'),
(417, 'Bác. Bạc Quang Huynh', 'diep.quoc@gmail.com', '2007-02-14', '0419928368', 'https://via.placeholder.com/640x480.png/00bbee?text=qui', '2023-06-29 19:28:28', '2023-06-29 19:28:28'),
(418, 'Đôn Đắc Đại', 'truc.don@tra.org', '1991-02-12', '0425156037', 'https://via.placeholder.com/640x480.png/00dd44?text=minus', '2023-06-29 19:28:28', '2023-06-29 19:28:28'),
(419, 'Doãn Hoài', 'tuyen.chung@chung.org', '1991-06-15', '0162909037', 'https://via.placeholder.com/640x480.png/008822?text=officiis', '2023-06-29 19:28:28', '2023-06-29 19:28:28'),
(420, 'Ông. Hùng Nhân Sâm', 'huy16@gmail.com', '1991-12-24', '0848497011', 'https://via.placeholder.com/640x480.png/009933?text=veniam', '2023-06-29 19:28:28', '2023-06-29 19:28:28'),
(421, 'Võ Nhật', 'chu.tran@hotmail.com', '2001-03-14', '0316500487', 'https://via.placeholder.com/640x480.png/003322?text=minima', '2023-06-29 19:28:28', '2023-06-29 19:28:28'),
(422, 'Âu Hoa', 'xuan.dong@gmail.com', '1994-10-12', '0421179795', 'https://via.placeholder.com/640x480.png/003322?text=sapiente', '2023-06-29 19:28:28', '2023-06-29 19:28:28'),
(423, 'Khưu Nhất Khôi', 'unhiem@yahoo.com', '2002-12-27', '0455345887', 'https://via.placeholder.com/640x480.png/0011dd?text=qui', '2023-06-29 19:28:28', '2023-06-29 19:28:28'),
(424, 'Chị. Khổng Kim', 'hoa25@tieu.org', '1993-11-10', '0412161741', 'https://via.placeholder.com/640x480.png/0000ee?text=sed', '2023-06-29 19:28:28', '2023-06-29 19:28:28'),
(425, 'Cụ. Chử Chi', 'uhuynh@hinh.com.vn', '2003-08-02', '0496870957', 'https://via.placeholder.com/640x480.png/00cc66?text=nesciunt', '2023-06-29 19:28:28', '2023-06-29 19:28:28'),
(426, 'Cự Nguyết Ly', 'quach.man@chau.int.vn', '2001-11-26', '0711000308', 'https://via.placeholder.com/640x480.png/00cc55?text=laboriosam', '2023-06-29 19:28:28', '2023-06-29 19:28:28'),
(427, 'Ông Chính Phát', 'vdau@bo.net.vn', '2005-12-08', '0465082164', 'https://via.placeholder.com/640x480.png/002255?text=ullam', '2023-06-29 19:28:28', '2023-06-29 19:28:28'),
(428, 'Bảo Thoa', 'dao.tong@yahoo.com', '1997-09-10', '0420044935', 'https://via.placeholder.com/640x480.png/001122?text=repudiandae', '2023-06-29 19:28:28', '2023-06-29 19:28:28'),
(429, 'Chị. Đới Lý', 'hieu16@trinh.org.vn', '1996-11-27', '0350421600', 'https://via.placeholder.com/640x480.png/00cc44?text=mollitia', '2023-06-29 19:28:28', '2023-06-29 19:28:28'),
(430, 'Mạc Đạt Tùng', 'thuan.thinh@hotmail.com', '2002-01-28', '0675667265', 'https://via.placeholder.com/640x480.png/00ccee?text=autem', '2023-06-29 19:28:28', '2023-06-29 19:28:28'),
(431, 'Lưu Quế', 'oong@tao.net.vn', '1993-03-10', '0424136444', 'https://via.placeholder.com/640x480.png/008888?text=qui', '2023-06-29 19:28:28', '2023-06-29 19:28:28'),
(432, 'Cụ. Sơn Thuận', 'linh80@yahoo.com', '1996-11-03', '0475418437', 'https://via.placeholder.com/640x480.png/0022bb?text=incidunt', '2023-06-29 19:28:28', '2023-06-29 19:28:28'),
(433, 'Ánh Diệp', 'ma.truc@anh.mil.vn', '1994-07-04', '0256332239', 'https://via.placeholder.com/640x480.png/008899?text=voluptate', '2023-06-29 19:28:28', '2023-06-29 19:28:28'),
(434, 'Giả Hợp', 'adang@hotmail.com', '1989-11-27', '0230893916', 'https://via.placeholder.com/640x480.png/00ff55?text=sunt', '2023-06-29 19:28:28', '2023-06-29 19:28:28'),
(435, 'Cụ. Ông Bữu Sang', 'thao.vien@hinh.net.vn', '2006-01-21', '0944673789', 'https://via.placeholder.com/640x480.png/00ffee?text=enim', '2023-06-29 19:28:28', '2023-06-29 19:28:28'),
(436, 'Em. Mai Thanh', 'lngan@yahoo.com', '2000-01-07', '0980389170', 'https://via.placeholder.com/640x480.png/00ff33?text=ut', '2023-06-29 19:28:28', '2023-06-29 19:28:28'),
(437, 'Thập Yên', 'vlai@gmail.com', '1996-06-23', '0230508772', 'https://via.placeholder.com/640x480.png/00dd88?text=porro', '2023-06-29 19:28:28', '2023-06-29 19:28:28'),
(438, 'Em. Liễu Hảo Oanh', 'qlu@lo.pro.vn', '2001-02-19', '0465077463', 'https://via.placeholder.com/640x480.png/0000dd?text=in', '2023-06-29 19:28:28', '2023-06-29 19:28:28'),
(439, 'Vừ Vịnh', 'cat.chieu@yahoo.com', '1995-12-21', '0461395703', 'https://via.placeholder.com/640x480.png/0066aa?text=est', '2023-06-29 19:28:28', '2023-06-29 19:28:28'),
(440, 'Bác. Lỡ Oanh Đàn', 'dien.khuc@gmail.com', '2005-11-29', '0412420656', 'https://via.placeholder.com/640x480.png/009966?text=dolor', '2023-06-29 19:28:28', '2023-06-29 19:28:28'),
(441, 'Cụ. Viên Nguyên', 'mac.thoa@hotmail.com', '1991-02-11', '0498094424', 'https://via.placeholder.com/640x480.png/00ddee?text=nemo', '2023-06-29 19:28:28', '2023-06-29 19:28:28'),
(442, 'Nhữ Long Hoán', 'hung.thuc@gmail.com', '2001-04-07', '0438063803', 'https://via.placeholder.com/640x480.png/00ffcc?text=blanditiis', '2023-06-29 19:28:28', '2023-06-29 19:28:28'),
(443, 'Yên Lý', 'wchiem@hoang.vn', '2004-12-25', '0439492480', 'https://via.placeholder.com/640x480.png/00eecc?text=corrupti', '2023-06-29 19:28:28', '2023-06-29 19:28:28'),
(444, 'Chị. Diêm Thục', 'kim18@hotmail.com', '2001-02-08', '0416956695', 'https://via.placeholder.com/640x480.png/00eecc?text=voluptatem', '2023-06-29 19:28:28', '2023-06-29 19:28:28'),
(445, 'Trưng Thùy', 'hop52@hotmail.com', '2000-09-17', '0455543601', 'https://via.placeholder.com/640x480.png/008888?text=est', '2023-06-29 19:28:28', '2023-06-29 19:28:28'),
(446, 'Bà. Bùi Thắm', 'diep.uyen@hoa.name.vn', '1993-07-17', '0725444084', 'https://via.placeholder.com/640x480.png/005511?text=accusamus', '2023-06-29 19:28:28', '2023-06-29 19:28:28'),
(447, 'Bà. Hà Uyên Hiếu', 'ky78@pham.com', '1990-04-15', '0992886449', 'https://via.placeholder.com/640x480.png/00dd11?text=libero', '2023-06-29 19:28:28', '2023-06-29 19:28:28'),
(448, 'Em. Thiều Hạo Tín', 'lam.duong@vi.health.vn', '1990-10-20', '0120526614', 'https://via.placeholder.com/640x480.png/0044ee?text=ipsam', '2023-06-29 19:28:28', '2023-06-29 19:28:28'),
(449, 'Kiều Diệp', 'ltong@hotmail.com', '1995-04-25', '0321237324', 'https://via.placeholder.com/640x480.png/000000?text=voluptas', '2023-06-29 19:28:28', '2023-06-29 19:28:28'),
(450, 'Chị. Khúc Vi', 'danh.thinh@yahoo.com', '2000-03-01', '0439153022', 'https://via.placeholder.com/640x480.png/0033ff?text=doloribus', '2023-06-29 19:28:28', '2023-06-29 19:28:28'),
(451, 'Thân Cúc', 'man.hoi@hong.name.vn', '2003-06-26', '0497499947', 'https://via.placeholder.com/640x480.png/002299?text=quidem', '2023-06-29 19:28:28', '2023-06-29 19:28:28'),
(452, 'Cụ. Trác Bữu Phát', 'ica@hua.com', '2002-10-02', '0350850317', 'https://via.placeholder.com/640x480.png/002299?text=non', '2023-06-29 19:28:28', '2023-06-29 19:28:28'),
(453, 'Em. Ngân Long', 'utrung@dau.ac.vn', '2000-03-04', '0536254379', 'https://via.placeholder.com/640x480.png/005555?text=molestiae', '2023-06-29 19:28:28', '2023-06-29 19:28:28'),
(454, 'Bùi Mai Thơ', 'aung@bui.com', '1990-07-18', '0578240800', 'https://via.placeholder.com/640x480.png/00dd00?text=adipisci', '2023-06-29 19:28:28', '2023-06-29 19:28:28'),
(455, 'Hứa Hoán', 'mton@nghiem.org.vn', '2007-04-26', '0436190357', 'https://via.placeholder.com/640x480.png/00cc99?text=sed', '2023-06-29 19:28:28', '2023-06-29 19:28:28'),
(456, 'Hán Hậu', 'ma.chieu@son.com', '1997-02-01', '0416611976', 'https://via.placeholder.com/640x480.png/007733?text=sint', '2023-06-29 19:28:28', '2023-06-29 19:28:28'),
(457, 'Đậu Trân', 'hop73@gmail.com', '1996-06-10', '0199781741', 'https://via.placeholder.com/640x480.png/007700?text=est', '2023-06-29 19:28:28', '2023-06-29 19:28:28'),
(458, 'Em. Đan Nam', 'dan46@yahoo.com', '1994-09-21', '0260120350', 'https://via.placeholder.com/640x480.png/00cc88?text=dignissimos', '2023-06-29 19:28:28', '2023-06-29 19:28:28'),
(459, 'Cô. An Ngân', 'khieu93@yahoo.com', '1996-06-28', '0433582285', 'https://via.placeholder.com/640x480.png/005588?text=id', '2023-06-29 19:28:28', '2023-06-29 19:28:28'),
(460, 'Tạ Hương', 'trieu.anh@phung.edu.vn', '1994-12-20', '0558774934', 'https://via.placeholder.com/640x480.png/00bb88?text=error', '2023-06-29 19:28:28', '2023-06-29 19:28:28'),
(461, 'An Uyên Phụng', 'ngan98@mau.edu.vn', '1993-08-16', '0164943386', 'https://via.placeholder.com/640x480.png/00bb22?text=omnis', '2023-06-29 19:28:28', '2023-06-29 19:28:28'),
(462, 'Cụ. Dương Ân Vinh', 'viet.ta@chiem.com', '2007-01-21', '0424043311', 'https://via.placeholder.com/640x480.png/00eebb?text=at', '2023-06-29 19:28:28', '2023-06-29 19:28:28'),
(463, 'Mẫn Bằng Vu', 'phuong92@gmail.com', '2006-01-07', '0905656225', 'https://via.placeholder.com/640x480.png/0099ee?text=sapiente', '2023-06-29 19:28:28', '2023-06-29 19:28:28'),
(464, 'Chú. Mộc Xuân', 'chinh18@bui.ac.vn', '2004-10-06', '0188336642', 'https://via.placeholder.com/640x480.png/00aa33?text=modi', '2023-06-29 19:28:28', '2023-06-29 19:28:28'),
(465, 'Vi Hằng', 'ima@pham.com', '2006-04-12', '0599203735', 'https://via.placeholder.com/640x480.png/008899?text=sit', '2023-06-29 19:28:28', '2023-06-29 19:28:28'),
(466, 'Bác. Phan Oanh', 'ekha@gmail.com', '1993-01-17', '0129838319', 'https://via.placeholder.com/640x480.png/0077dd?text=omnis', '2023-06-29 19:28:28', '2023-06-29 19:28:28'),
(467, 'Hồ Ly', 'tu.hang@yahoo.com', '1991-08-03', '0977881572', 'https://via.placeholder.com/640x480.png/0088dd?text=officia', '2023-06-29 19:28:28', '2023-06-29 19:28:28'),
(468, 'Em. Bửu Hà', 'khu.minh@vi.name.vn', '2005-04-02', '0453396891', 'https://via.placeholder.com/640x480.png/00ee11?text=ad', '2023-06-29 19:28:28', '2023-06-29 19:28:28'),
(469, 'Chị. Ca Thục Hoan', 'tuan.yen@doi.net', '1998-09-20', '0551162774', 'https://via.placeholder.com/640x480.png/001177?text=quaerat', '2023-06-29 19:28:28', '2023-06-29 19:28:28'),
(470, 'Bác. Bá Đình', 'wthach@vu.com', '1991-10-06', '0421068985', 'https://via.placeholder.com/640x480.png/0055ff?text=quia', '2023-06-29 19:28:28', '2023-06-29 19:28:28'),
(471, 'Cụ. Giáp Phong', 'zcung@hotmail.com', '2004-04-29', '0778361203', 'https://via.placeholder.com/640x480.png/0077dd?text=eum', '2023-06-29 19:28:28', '2023-06-29 19:28:28'),
(472, 'Đổng Quang', 'cbang@yahoo.com', '1994-02-16', '0966970203', 'https://via.placeholder.com/640x480.png/0055cc?text=ducimus', '2023-06-29 19:28:28', '2023-06-29 19:28:28'),
(473, 'Giang Tâm', 'thuong16@yahoo.com', '1996-12-14', '0971939566', 'https://via.placeholder.com/640x480.png/000088?text=et', '2023-06-29 19:28:28', '2023-06-29 19:28:28'),
(474, 'Bành Bách Kiếm', 'mang.kieu@trinh.name.vn', '2007-01-27', '0492769273', 'https://via.placeholder.com/640x480.png/009988?text=praesentium', '2023-06-29 19:28:28', '2023-06-29 19:28:28'),
(475, 'Phí Ngọc', 'vdau@hotmail.com', '2000-06-19', '0412817768', 'https://via.placeholder.com/640x480.png/005599?text=laudantium', '2023-06-29 19:28:28', '2023-06-29 19:28:28'),
(476, 'Bác. Tống Băng Dương', 'la.dao@dai.org.vn', '2006-02-17', '0769845472', 'https://via.placeholder.com/640x480.png/0033cc?text=maxime', '2023-06-29 19:28:28', '2023-06-29 19:28:28'),
(477, 'Cung Hạnh Thiên', 'thy53@hotmail.com', '2002-11-23', '0710757651', 'https://via.placeholder.com/640x480.png/008822?text=natus', '2023-06-29 19:28:28', '2023-06-29 19:28:28'),
(478, 'Bà. Đỗ Trân Chinh', 'chi58@dong.edu.vn', '1991-07-13', '0465199744', 'https://via.placeholder.com/640x480.png/00ee44?text=qui', '2023-06-29 19:28:28', '2023-06-29 19:28:28'),
(479, 'Nông Minh', 'ahan@trinh.com', '1994-02-17', '0126714867', 'https://via.placeholder.com/640x480.png/001188?text=eveniet', '2023-06-29 19:28:29', '2023-06-29 19:28:29'),
(480, 'Chị. Cầm Ý Thêu', 'jha@gmail.com', '1992-01-10', '0510859932', 'https://via.placeholder.com/640x480.png/00aa00?text=error', '2023-06-29 19:28:29', '2023-06-29 19:28:29'),
(481, 'Đồng Đàn', 'bo.hang@hotmail.com', '1990-04-09', '0778308131', 'https://via.placeholder.com/640x480.png/00ddcc?text=molestiae', '2023-06-29 19:28:29', '2023-06-29 19:28:29'),
(482, 'Ca Khuyên', 'jmang@gmail.com', '1990-06-10', '0470722174', 'https://via.placeholder.com/640x480.png/00ddcc?text=iure', '2023-06-29 19:28:29', '2023-06-29 19:28:29'),
(483, 'Thạch Hà Ngân', 'uly@an.net.vn', '2005-03-04', '0497686028', 'https://via.placeholder.com/640x480.png/001111?text=doloremque', '2023-06-29 19:28:29', '2023-06-29 19:28:29'),
(484, 'Chú. Thạch Danh Uy', 'nu30@bo.name.vn', '1995-09-19', '0586468078', 'https://via.placeholder.com/640x480.png/009933?text=accusamus', '2023-06-29 19:28:29', '2023-06-29 19:28:29'),
(485, 'Em. Giao Kiều Hằng', 'kkhuat@hotmail.com', '2000-12-02', '0419939703', 'https://via.placeholder.com/640x480.png/000066?text=ducimus', '2023-06-29 19:28:29', '2023-06-29 19:28:29'),
(486, 'Em. Vi Hồ Tường', 'fbo@hotmail.com', '2002-11-06', '0428008939', 'https://via.placeholder.com/640x480.png/0066aa?text=tenetur', '2023-06-29 19:28:29', '2023-06-29 19:28:29'),
(487, 'Ông. Biện Khai Thái', 'chau58@dam.name.vn', '1998-07-18', '0361165468', 'https://via.placeholder.com/640x480.png/006666?text=qui', '2023-06-29 19:28:29', '2023-06-29 19:28:29'),
(488, 'Tăng Bắc', 'jvan@gmail.com', '1988-10-06', '0493271492', 'https://via.placeholder.com/640x480.png/001122?text=quasi', '2023-06-29 19:28:29', '2023-06-29 19:28:29'),
(489, 'Đinh Hội', 'uau@lieu.info.vn', '2003-05-07', '0554329921', 'https://via.placeholder.com/640x480.png/00ccee?text=odit', '2023-06-29 19:28:29', '2023-06-29 19:28:29'),
(490, 'Em. Nghiêm Khang', 'le49@gmail.com', '2003-05-25', '0423093321', 'https://via.placeholder.com/640x480.png/00eeff?text=blanditiis', '2023-06-29 19:28:29', '2023-06-29 19:28:29');

-- --------------------------------------------------------

--
-- Cấu trúc bảng cho bảng `personal_access_tokens`
--

CREATE TABLE `personal_access_tokens` (
  `id` bigint(20) UNSIGNED NOT NULL,
  `tokenable_type` varchar(255) COLLATE utf8mb4_unicode_ci NOT NULL,
  `tokenable_id` bigint(20) UNSIGNED NOT NULL,
  `name` varchar(255) COLLATE utf8mb4_unicode_ci NOT NULL,
  `token` varchar(64) COLLATE utf8mb4_unicode_ci NOT NULL,
  `abilities` text COLLATE utf8mb4_unicode_ci,
  `last_used_at` timestamp NULL DEFAULT NULL,
  `expires_at` timestamp NULL DEFAULT NULL,
  `created_at` timestamp NULL DEFAULT NULL,
  `updated_at` timestamp NULL DEFAULT NULL
) ENGINE=InnoDB DEFAULT CHARSET=utf8mb4 COLLATE=utf8mb4_unicode_ci;

-- --------------------------------------------------------

--
-- Cấu trúc bảng cho bảng `roles`
--

CREATE TABLE `roles` (
  `id` bigint(20) UNSIGNED NOT NULL,
  `name` varchar(255) COLLATE utf8mb4_unicode_ci NOT NULL,
  `guard_name` varchar(255) COLLATE utf8mb4_unicode_ci NOT NULL,
  `created_at` timestamp NULL DEFAULT NULL,
  `updated_at` timestamp NULL DEFAULT NULL
) ENGINE=InnoDB DEFAULT CHARSET=utf8mb4 COLLATE=utf8mb4_unicode_ci;

--
-- Đang đổ dữ liệu cho bảng `roles`
--

INSERT INTO `roles` (`id`, `name`, `guard_name`, `created_at`, `updated_at`) VALUES
(4, 'admin', 'web', '2023-07-05 20:02:28', '2023-07-05 20:02:28'),
(5, 'writer', 'web', '2023-07-05 20:02:28', '2023-07-05 20:02:28'),
(6, 'user', 'web', '2023-07-05 20:02:28', '2023-07-05 20:02:28');

-- --------------------------------------------------------

--
-- Cấu trúc bảng cho bảng `role_has_permissions`
--

CREATE TABLE `role_has_permissions` (
  `permission_id` bigint(20) UNSIGNED NOT NULL,
  `role_id` bigint(20) UNSIGNED NOT NULL
) ENGINE=InnoDB DEFAULT CHARSET=utf8mb4 COLLATE=utf8mb4_unicode_ci;

-- --------------------------------------------------------

--
-- Cấu trúc bảng cho bảng `users`
--

CREATE TABLE `users` (
  `id` bigint(20) UNSIGNED NOT NULL,
  `name` varchar(255) COLLATE utf8mb4_unicode_ci NOT NULL,
  `email` varchar(255) COLLATE utf8mb4_unicode_ci NOT NULL,
  `password` varchar(255) COLLATE utf8mb4_unicode_ci NOT NULL,
  `remember_token` varchar(100) COLLATE utf8mb4_unicode_ci DEFAULT NULL
) ENGINE=InnoDB DEFAULT CHARSET=utf8mb4 COLLATE=utf8mb4_unicode_ci;

--
-- Đang đổ dữ liệu cho bảng `users`
--

INSERT INTO `users` (`id`, `name`, `email`, `password`, `remember_token`) VALUES
(1, 'admin', 'dandd.bhsoft@gmail.com', '$2y$10$LTdqQBnzBas6uh7.45W1P.QImUo44iwWh0N3FSr41Z8DiK5B4Vjsy', 'cvSuAArT32bMnS5MmeIGzUR8uzgvsJB1V3BRvBgapH9GLStugcfKHzWuADxW'),
(2, 'worker', 'khaidx.bhsoft@gmail.com', '$2y$10$LTdqQBnzBas6uh7.45W1P.QImUo44iwWh0N3FSr41Z8DiK5B4Vjsy', 'BkccjVZyWzNgLkgk6rOriiWTNNXWQRAxLLb94S3FJe1hMTvEz4CGJhgNFxpO'),
(3, 'user', 'ziz.bhsoft@gmail.com', '$2y$10$LTdqQBnzBas6uh7.45W1P.QImUo44iwWh0N3FSr41Z8DiK5B4Vjsy', 'knMsc6LsRKp9Kv0xZWrosFlQFbAzE4j0XewAGCWrymjABJNDlGRztlpQ6y8Q');

--
-- Chỉ mục cho các bảng đã đổ
--

--
-- Chỉ mục cho bảng `courses`
--
ALTER TABLE `courses`
  ADD PRIMARY KEY (`id`);

--
-- Chỉ mục cho bảng `course_person`
--
ALTER TABLE `course_person`
  ADD PRIMARY KEY (`person_id`,`course_id`) USING BTREE,
  ADD KEY `person_course_id_course_foreign` (`course_id`) USING BTREE;

--
-- Chỉ mục cho bảng `failed_jobs`
--
ALTER TABLE `failed_jobs`
  ADD PRIMARY KEY (`id`),
  ADD UNIQUE KEY `failed_jobs_uuid_unique` (`uuid`);

--
-- Chỉ mục cho bảng `migrations`
--
ALTER TABLE `migrations`
  ADD PRIMARY KEY (`id`);

--
-- Chỉ mục cho bảng `model_has_permissions`
--
ALTER TABLE `model_has_permissions`
  ADD PRIMARY KEY (`permission_id`,`model_id`,`model_type`),
  ADD KEY `model_has_permissions_model_id_model_type_index` (`model_id`,`model_type`);

--
-- Chỉ mục cho bảng `model_has_roles`
--
ALTER TABLE `model_has_roles`
  ADD PRIMARY KEY (`role_id`,`model_id`,`model_type`),
  ADD KEY `model_has_roles_model_id_model_type_index` (`model_id`,`model_type`);

--
-- Chỉ mục cho bảng `password_reset_tokens`
--
ALTER TABLE `password_reset_tokens`
  ADD PRIMARY KEY (`email`);

--
-- Chỉ mục cho bảng `permissions`
--
ALTER TABLE `permissions`
  ADD PRIMARY KEY (`id`),
  ADD UNIQUE KEY `permissions_name_guard_name_unique` (`name`,`guard_name`);

--
-- Chỉ mục cho bảng `person`
--
ALTER TABLE `person`
  ADD PRIMARY KEY (`id`),
  ADD UNIQUE KEY `person_email_unique` (`email`),
  ADD UNIQUE KEY `person_phone_number_unique` (`phone_number`);

--
-- Chỉ mục cho bảng `personal_access_tokens`
--
ALTER TABLE `personal_access_tokens`
  ADD PRIMARY KEY (`id`),
  ADD UNIQUE KEY `personal_access_tokens_token_unique` (`token`),
  ADD KEY `personal_access_tokens_tokenable_type_tokenable_id_index` (`tokenable_type`,`tokenable_id`);

--
-- Chỉ mục cho bảng `roles`
--
ALTER TABLE `roles`
  ADD PRIMARY KEY (`id`),
  ADD UNIQUE KEY `roles_name_guard_name_unique` (`name`,`guard_name`);

--
-- Chỉ mục cho bảng `role_has_permissions`
--
ALTER TABLE `role_has_permissions`
  ADD PRIMARY KEY (`permission_id`,`role_id`),
  ADD KEY `role_has_permissions_role_id_foreign` (`role_id`);

--
-- Chỉ mục cho bảng `users`
--
ALTER TABLE `users`
  ADD PRIMARY KEY (`id`),
  ADD UNIQUE KEY `users_email_unique` (`email`);

--
-- AUTO_INCREMENT cho các bảng đã đổ
--

--
-- AUTO_INCREMENT cho bảng `courses`
--
ALTER TABLE `courses`
  MODIFY `id` bigint(20) UNSIGNED NOT NULL AUTO_INCREMENT, AUTO_INCREMENT=58;

--
-- AUTO_INCREMENT cho bảng `failed_jobs`
--
ALTER TABLE `failed_jobs`
  MODIFY `id` bigint(20) UNSIGNED NOT NULL AUTO_INCREMENT;

--
-- AUTO_INCREMENT cho bảng `migrations`
--
ALTER TABLE `migrations`
  MODIFY `id` int(10) UNSIGNED NOT NULL AUTO_INCREMENT, AUTO_INCREMENT=17;

--
-- AUTO_INCREMENT cho bảng `permissions`
--
ALTER TABLE `permissions`
  MODIFY `id` bigint(20) UNSIGNED NOT NULL AUTO_INCREMENT;

--
-- AUTO_INCREMENT cho bảng `person`
--
ALTER TABLE `person`
  MODIFY `id` bigint(20) UNSIGNED NOT NULL AUTO_INCREMENT, AUTO_INCREMENT=494;

--
-- AUTO_INCREMENT cho bảng `personal_access_tokens`
--
ALTER TABLE `personal_access_tokens`
  MODIFY `id` bigint(20) UNSIGNED NOT NULL AUTO_INCREMENT;

--
-- AUTO_INCREMENT cho bảng `roles`
--
ALTER TABLE `roles`
  MODIFY `id` bigint(20) UNSIGNED NOT NULL AUTO_INCREMENT, AUTO_INCREMENT=7;

--
-- AUTO_INCREMENT cho bảng `users`
--
ALTER TABLE `users`
  MODIFY `id` bigint(20) UNSIGNED NOT NULL AUTO_INCREMENT, AUTO_INCREMENT=4;

--
-- Các ràng buộc cho các bảng đã đổ
--

--
-- Các ràng buộc cho bảng `course_person`
--
ALTER TABLE `course_person`
  ADD CONSTRAINT `FK_course_person_courses` FOREIGN KEY (`course_id`) REFERENCES `courses` (`id`),
  ADD CONSTRAINT `FK_course_person_person` FOREIGN KEY (`person_id`) REFERENCES `person` (`id`);

--
-- Các ràng buộc cho bảng `model_has_permissions`
--
ALTER TABLE `model_has_permissions`
  ADD CONSTRAINT `model_has_permissions_permission_id_foreign` FOREIGN KEY (`permission_id`) REFERENCES `permissions` (`id`) ON DELETE CASCADE;

--
-- Các ràng buộc cho bảng `model_has_roles`
--
ALTER TABLE `model_has_roles`
  ADD CONSTRAINT `model_has_roles_role_id_foreign` FOREIGN KEY (`role_id`) REFERENCES `roles` (`id`) ON DELETE CASCADE;

--
-- Các ràng buộc cho bảng `role_has_permissions`
--
ALTER TABLE `role_has_permissions`
  ADD CONSTRAINT `role_has_permissions_permission_id_foreign` FOREIGN KEY (`permission_id`) REFERENCES `permissions` (`id`) ON DELETE CASCADE,
  ADD CONSTRAINT `role_has_permissions_role_id_foreign` FOREIGN KEY (`role_id`) REFERENCES `roles` (`id`) ON DELETE CASCADE;
COMMIT;

/*!40101 SET CHARACTER_SET_CLIENT=@OLD_CHARACTER_SET_CLIENT */;
/*!40101 SET CHARACTER_SET_RESULTS=@OLD_CHARACTER_SET_RESULTS */;
/*!40101 SET COLLATION_CONNECTION=@OLD_COLLATION_CONNECTION */;
